log_id,timestamp,level,service,error_type,message,response_time_ms
1,2026-03-14 22:26:40,INFO,Authentication,None,Request completed successfully,339.7
2,2026-08-26 16:11:32,INFO,Search,None,Request completed successfully,24.71
3,2026-06-19 13:04:09,ERROR,Database,PermissionError,Permission denied,82.66
4,2026-07-20 14:02:21,INFO,Search,None,Request completed successfully,191.4
5,2026-06-01 04:47:52,INFO,API,None,Request completed successfully,1393.36
6,2026-08-06 17:46:21,INFO,Payment,None,Request completed successfully,296.62
7,2026-01-16 07:04:49,INFO,Database,None,Request completed successfully,1453.78
8,2026-02-04 17:30:35,INFO,Payment,None,Request completed successfully,1386.29
9,2026-07-10 11:28:32,INFO,Payment,None,Request completed successfully,736.99
10,2026-05-01 02:10:45,CRITICAL,Storage,ConnectionError,Connection to service failed,24.19
11,2026-02-18 19:47:33,INFO,Database,None,Request completed successfully,491.59
12,2026-02-06 21:10:40,ERROR,Authentication,ConnectionError,Connection to service failed,532.99
13,2026-05-08 03:10:04,WARNING,Database,TimeoutError,Request timed out,256.63
14,2026-01-22 16:57:42,INFO,Database,None,Request completed successfully,1483.88
15,2026-01-12 15:32:24,INFO,Storage,None,Request completed successfully,1316.69
16,2026-03-18 02:28:51,WARNING,Payment,TimeoutError,Request timed out,105.0
17,2026-05-02 08:42:18,INFO,API,None,Request completed successfully,272.53
18,2026-02-28 10:41:57,CRITICAL,Database,PermissionError,Permission denied,1098.14
19,2026-01-09 04:41:33,INFO,Storage,None,Request completed successfully,1430.19
20,2026-06-26 04:56:23,WARNING,Search,TimeoutError,Request timed out,880.09
21,2026-08-10 04:34:37,INFO,Authentication,None,Request completed successfully,1086.74
22,2026-07-22 04:45:01,INFO,Authentication,None,Request completed successfully,972.91
23,2026-07-09 21:25:48,INFO,Database,None,Request completed successfully,160.36
24,2026-02-06 00:41:28,INFO,Database,None,Request completed successfully,196.23
25,2026-05-05 09:34:20,INFO,Payment,None,Request completed successfully,345.02
26,2026-03-06 05:54:24,WARNING,Database,ConnectionError,Connection to service failed,1140.44
27,2026-01-26 00:24:29,INFO,API,None,Request completed successfully,859.07
28,2026-04-09 22:38:20,INFO,Storage,None,Request completed successfully,595.53
29,2026-05-24 09:52:32,INFO,Search,None,Request completed successfully,868.02
30,2026-01-17 19:47:20,INFO,Search,None,Request completed successfully,1055.18
31,2026-04-03 19:52:20,INFO,Database,None,Request completed successfully,490.79
32,2026-07-04 02:41:04,WARNING,Storage,TimeoutError,Request timed out,767.46
33,2026-01-22 20:45:28,INFO,Payment,None,Request completed successfully,596.31
34,2026-07-03 07:01:03,INFO,Storage,None,Request completed successfully,385.64
35,2026-07-24 13:29:51,INFO,Database,None,Request completed successfully,504.7
36,2026-04-21 20:05:02,INFO,Payment,None,Request completed successfully,572.08
37,2026-04-25 14:40:40,WARNING,Search,ConnectionError,Connection to service failed,1054.56
38,2026-05-08 15:58:31,INFO,Payment,None,Request completed successfully,585.14
39,2026-01-06 10:12:19,WARNING,Payment,None,Request completed successfully,838.8
40,2026-02-17 09:39:24,WARNING,Storage,None,Request completed successfully,1486.44
41,2026-03-23 13:13:43,INFO,Authentication,None,Request completed successfully,880.88
42,2026-04-09 02:01:20,INFO,Search,None,Request completed successfully,1271.15
43,2026-03-22 16:12:15,WARNING,Search,ConnectionError,Connection to service failed,580.91
44,2026-07-15 12:27:29,WARNING,Search,ConnectionError,Connection to service failed,278.03
45,2026-07-20 08:06:12,INFO,Database,None,Request completed successfully,1219.44
46,2026-06-01 02:32:37,INFO,API,None,Request completed successfully,673.03
47,2026-08-08 00:34:09,CRITICAL,API,MemoryError,Memory usage exceeded threshold,692.07
48,2026-01-12 05:08:36,INFO,Payment,None,Request completed successfully,92.76
49,2026-04-14 12:56:35,INFO,Database,None,Request completed successfully,1207.51
50,2026-08-26 00:42:37,INFO,API,None,Request completed successfully,1351.52
51,2026-04-05 01:31:52,INFO,Search,None,Request completed successfully,938.02
52,2026-08-22 21:21:09,INFO,Authentication,None,Request completed successfully,446.2
53,2026-01-26 02:42:04,INFO,Database,None,Request completed successfully,1023.45
54,2026-04-12 08:22:03,INFO,Database,None,Request completed successfully,752.69
55,2026-07-06 01:06:14,INFO,Authentication,None,Request completed successfully,624.46
56,2026-04-24 16:27:05,ERROR,Authentication,TimeoutError,Request timed out,764.1
57,2026-06-20 17:40:40,INFO,Storage,None,Request completed successfully,1070.25
58,2026-08-16 05:55:54,WARNING,Payment,TimeoutError,Request timed out,1025.63
59,2026-04-22 20:57:39,INFO,Search,None,Request completed successfully,185.38
60,2026-05-13 06:29:59,WARNING,Storage,None,Request completed successfully,1371.54
61,2026-03-20 08:38:01,WARNING,Payment,None,Request completed successfully,289.85
62,2026-07-07 07:32:35,WARNING,Authentication,ConnectionError,Connection to service failed,1155.32
63,2026-06-03 07:25:38,INFO,Database,None,Request completed successfully,1014.36
64,2026-06-19 04:01:58,ERROR,Payment,NullPointerError,Null object encountered,1476.76
65,2026-04-24 03:13:59,INFO,Search,None,Request completed successfully,1344.71
66,2026-05-04 05:15:42,INFO,Payment,None,Request completed successfully,707.54
67,2026-08-25 06:41:13,INFO,Authentication,None,Request completed successfully,1244.09
68,2026-04-16 15:16:02,ERROR,Search,TimeoutError,Request timed out,72.62
69,2026-06-19 14:51:19,INFO,Storage,None,Request completed successfully,344.04
70,2026-03-13 04:25:02,WARNING,API,ConnectionError,Connection to service failed,458.98
71,2026-08-07 15:14:55,INFO,Storage,None,Request completed successfully,1152.38
72,2026-01-01 11:58:52,INFO,Database,None,Request completed successfully,703.01
73,2026-07-19 20:28:38,WARNING,Storage,TimeoutError,Request timed out,1131.92
74,2026-06-21 08:46:50,WARNING,Payment,None,Request completed successfully,901.17
75,2026-06-28 02:47:19,WARNING,Database,None,Request completed successfully,1132.53
76,2026-05-04 21:39:18,INFO,Storage,None,Request completed successfully,326.31
77,2026-08-25 22:31:13,WARNING,API,TimeoutError,Request timed out,1383.68
78,2026-06-01 06:53:09,INFO,Authentication,None,Request completed successfully,1050.59
79,2026-07-02 03:48:56,WARNING,Search,None,Request completed successfully,1494.66
80,2026-04-20 22:28:31,INFO,Search,None,Request completed successfully,832.21
81,2026-07-21 00:40:23,INFO,Database,None,Request completed successfully,1137.36
82,2026-08-24 16:37:14,WARNING,Payment,None,Request completed successfully,1281.29
83,2026-08-27 07:49:37,WARNING,Search,TimeoutError,Request timed out,745.36
84,2026-03-01 08:20:44,INFO,Authentication,None,Request completed successfully,1447.54
85,2026-08-06 06:09:00,INFO,Search,None,Request completed successfully,246.6
86,2026-02-06 17:41:07,INFO,Storage,None,Request completed successfully,1146.09
87,2026-04-23 22:13:34,INFO,API,None,Request completed successfully,378.96
88,2026-02-08 06:27:36,WARNING,Search,None,Request completed successfully,611.53
89,2026-06-26 21:22:56,INFO,Payment,None,Request completed successfully,757.67
90,2026-07-25 18:30:11,ERROR,API,NullPointerError,Null object encountered,1172.92
91,2026-05-25 15:46:16,ERROR,Search,ConnectionError,Connection to service failed,524.47
92,2026-08-21 08:24:58,INFO,Authentication,None,Request completed successfully,445.14
93,2026-02-16 10:52:50,WARNING,Database,None,Request completed successfully,481.45
94,2026-07-04 08:42:43,ERROR,Payment,NullPointerError,Null object encountered,573.78
95,2026-07-17 22:06:40,INFO,Payment,None,Request completed successfully,1327.13
96,2026-04-02 15:40:19,INFO,Search,None,Request completed successfully,296.09
97,2026-01-14 16:12:10,INFO,API,None,Request completed successfully,264.75
98,2026-06-01 21:49:14,ERROR,Storage,TimeoutError,Request timed out,1109.86
99,2026-07-07 08:44:38,WARNING,Database,TimeoutError,Request timed out,232.11
100,2026-06-28 20:09:18,WARNING,Storage,ConnectionError,Connection to service failed,1020.16
101,2026-02-02 07:46:19,INFO,Authentication,None,Request completed successfully,1235.25
102,2026-03-24 12:01:40,INFO,Search,None,Request completed successfully,415.19
103,2026-04-26 03:55:01,ERROR,Database,TimeoutError,Request timed out,758.98
104,2026-04-06 20:57:27,WARNING,Payment,TimeoutError,Request timed out,1159.57
105,2026-07-02 04:45:00,INFO,API,None,Request completed successfully,184.24
106,2026-08-02 02:40:20,INFO,API,None,Request completed successfully,882.71
107,2026-08-28 22:18:26,ERROR,Payment,FileNotFoundError,Required file was not found,191.47
108,2026-06-01 22:26:53,INFO,Authentication,None,Request completed successfully,1363.14
109,2026-05-28 11:08:33,WARNING,Authentication,ConnectionError,Connection to service failed,541.55
110,2026-03-27 02:17:50,INFO,Database,None,Request completed successfully,523.86
111,2026-03-26 11:44:13,INFO,Search,None,Request completed successfully,1208.64
112,2026-03-11 18:43:35,ERROR,Database,ConnectionError,Connection to service failed,940.03
113,2026-03-20 06:06:11,INFO,Storage,None,Request completed successfully,394.09
114,2026-04-24 12:24:50,WARNING,Authentication,ConnectionError,Connection to service failed,80.79
115,2026-05-11 07:19:52,WARNING,Payment,None,Request completed successfully,1494.01
116,2026-02-20 14:29:45,ERROR,Storage,TimeoutError,Request timed out,296.56
117,2026-08-02 12:58:31,ERROR,API,FileNotFoundError,Required file was not found,740.05
118,2026-03-27 17:58:07,WARNING,Search,ConnectionError,Connection to service failed,1154.32
119,2026-05-17 04:46:40,WARNING,API,None,Request completed successfully,1309.83
120,2026-08-03 18:26:23,ERROR,Search,MemoryError,Memory usage exceeded threshold,743.01
121,2026-05-06 18:19:40,INFO,Database,None,Request completed successfully,1392.22
122,2026-03-06 13:41:20,INFO,Search,None,Request completed successfully,541.63
123,2026-02-12 17:32:03,WARNING,API,None,Request completed successfully,700.94
124,2026-08-10 16:53:15,INFO,Storage,None,Request completed successfully,433.73
125,2026-04-22 18:20:20,INFO,Search,None,Request completed successfully,735.42
126,2026-07-25 07:40:57,INFO,Authentication,None,Request completed successfully,285.9
127,2026-03-04 23:11:16,INFO,Payment,None,Request completed successfully,811.84
128,2026-04-17 08:05:55,WARNING,Search,ConnectionError,Connection to service failed,1368.21
129,2026-05-19 02:13:34,WARNING,Database,ConnectionError,Connection to service failed,1158.93
130,2026-04-21 13:44:26,ERROR,Storage,MemoryError,Memory usage exceeded threshold,406.27
131,2026-03-14 06:00:45,ERROR,Authentication,MemoryError,Memory usage exceeded threshold,311.45
132,2026-05-24 20:42:54,INFO,Payment,None,Request completed successfully,888.19
133,2026-04-02 21:23:16,ERROR,Authentication,FileNotFoundError,Required file was not found,653.18
134,2026-01-09 21:10:57,ERROR,Database,NullPointerError,Null object encountered,515.3
135,2026-04-06 18:11:20,INFO,Search,None,Request completed successfully,1380.18
136,2026-02-02 01:54:43,ERROR,Payment,FileNotFoundError,Required file was not found,909.45
137,2026-03-13 12:52:19,WARNING,Payment,None,Request completed successfully,236.12
138,2026-07-21 20:28:10,WARNING,Payment,TimeoutError,Request timed out,527.45
139,2026-04-21 16:53:11,INFO,API,None,Request completed successfully,518.37
140,2026-02-13 20:21:35,WARNING,Payment,TimeoutError,Request timed out,424.18
141,2026-07-02 16:36:16,INFO,Database,None,Request completed successfully,757.84
142,2026-06-27 03:29:25,WARNING,Payment,TimeoutError,Request timed out,1147.23
143,2026-01-14 07:41:58,WARNING,API,ConnectionError,Connection to service failed,1067.82
144,2026-05-08 15:16:17,WARNING,Search,TimeoutError,Request timed out,364.11
145,2026-07-13 10:56:56,INFO,Database,None,Request completed successfully,1264.78
146,2026-05-25 09:43:28,ERROR,API,NullPointerError,Null object encountered,1472.58
147,2026-02-22 03:58:31,INFO,Storage,None,Request completed successfully,1189.63
148,2026-07-11 12:14:33,INFO,Authentication,None,Request completed successfully,1277.05
149,2026-03-18 23:59:04,INFO,Database,None,Request completed successfully,618.61
150,2026-07-16 03:57:33,INFO,Database,None,Request completed successfully,934.43
151,2026-08-07 13:50:14,INFO,Database,None,Request completed successfully,325.04
152,2026-03-21 23:12:03,INFO,Authentication,None,Request completed successfully,904.81
153,2026-04-19 03:59:25,ERROR,Authentication,FileNotFoundError,Required file was not found,1375.5
154,2026-01-23 07:58:31,INFO,Payment,None,Request completed successfully,111.2
155,2026-08-24 20:17:01,INFO,API,None,Request completed successfully,209.31
156,2026-08-18 18:24:20,INFO,Storage,None,Request completed successfully,1138.67
157,2026-02-19 08:52:40,INFO,Storage,None,Request completed successfully,1121.19
158,2026-05-06 23:02:08,ERROR,Search,FileNotFoundError,Required file was not found,74.09
159,2026-05-17 05:24:39,INFO,Search,None,Request completed successfully,57.27
160,2026-02-09 13:44:40,WARNING,API,TimeoutError,Request timed out,583.49
161,2026-08-26 08:04:31,WARNING,Storage,TimeoutError,Request timed out,380.81
162,2026-06-07 00:10:51,WARNING,Payment,ConnectionError,Connection to service failed,967.42
163,2026-03-01 16:00:30,ERROR,Authentication,NullPointerError,Null object encountered,232.89
164,2026-05-27 01:08:41,INFO,Storage,None,Request completed successfully,727.59
165,2026-04-07 11:54:30,INFO,Authentication,None,Request completed successfully,233.56
166,2026-06-10 13:42:17,INFO,Authentication,None,Request completed successfully,568.46
167,2026-03-28 10:55:35,ERROR,API,ConnectionError,Connection to service failed,383.67
168,2026-05-21 17:36:53,INFO,Payment,None,Request completed successfully,905.55
169,2026-06-05 17:00:47,INFO,Search,None,Request completed successfully,74.72
170,2026-08-06 15:43:27,ERROR,Payment,TimeoutError,Request timed out,1250.57
171,2026-07-14 21:41:14,INFO,Database,None,Request completed successfully,1486.61
172,2026-01-11 15:07:35,INFO,Search,None,Request completed successfully,412.85
173,2026-02-10 00:16:15,INFO,Authentication,None,Request completed successfully,1016.84
174,2026-02-11 10:29:46,INFO,Storage,None,Request completed successfully,279.94
175,2026-07-12 22:52:30,WARNING,Database,ConnectionError,Connection to service failed,297.28
176,2026-04-24 19:31:55,INFO,Search,None,Request completed successfully,273.84
177,2026-06-05 14:49:36,INFO,Authentication,None,Request completed successfully,1491.86
178,2026-08-13 10:05:12,INFO,Payment,None,Request completed successfully,927.78
179,2026-04-17 01:50:20,INFO,Authentication,None,Request completed successfully,814.33
180,2026-06-20 20:01:11,WARNING,Storage,TimeoutError,Request timed out,468.24
181,2026-02-26 05:43:46,INFO,Storage,None,Request completed successfully,326.3
182,2026-07-03 19:43:25,WARNING,Database,None,Request completed successfully,676.03
183,2026-02-26 21:31:26,INFO,Search,None,Request completed successfully,734.5
184,2026-07-19 06:08:49,ERROR,Storage,NullPointerError,Null object encountered,857.38
185,2026-06-05 06:19:49,ERROR,Search,FileNotFoundError,Required file was not found,161.95
186,2026-03-14 11:46:25,WARNING,API,TimeoutError,Request timed out,1154.58
187,2026-08-14 09:41:02,INFO,Payment,None,Request completed successfully,95.85
188,2026-05-16 20:44:29,INFO,API,None,Request completed successfully,1083.44
189,2026-06-13 22:40:34,INFO,API,None,Request completed successfully,74.23
190,2026-04-16 08:48:27,ERROR,API,ConnectionError,Connection to service failed,33.21
191,2026-03-11 17:27:01,WARNING,Storage,None,Request completed successfully,1220.01
192,2026-06-04 14:25:06,INFO,Database,None,Request completed successfully,315.21
193,2026-03-05 14:58:40,WARNING,Search,ConnectionError,Connection to service failed,196.52
194,2026-08-19 18:10:09,CRITICAL,API,ConnectionError,Connection to service failed,130.82
195,2026-02-10 11:41:17,INFO,API,None,Request completed successfully,361.07
196,2026-08-11 05:30:18,ERROR,API,TimeoutError,Request timed out,664.05
197,2026-03-14 19:26:01,ERROR,Storage,FileNotFoundError,Required file was not found,417.47
198,2026-07-20 12:34:28,INFO,Storage,None,Request completed successfully,950.95
199,2026-04-03 14:28:23,INFO,Storage,None,Request completed successfully,1383.45
200,2026-05-20 03:17:13,WARNING,Database,ConnectionError,Connection to service failed,167.2
201,2026-04-01 20:39:21,ERROR,API,NullPointerError,Null object encountered,835.58
202,2026-06-17 16:39:32,ERROR,API,ConnectionError,Connection to service failed,1184.55
203,2026-08-01 11:46:39,ERROR,Storage,MemoryError,Memory usage exceeded threshold,1377.77
204,2026-03-14 00:53:59,INFO,Database,None,Request completed successfully,1308.71
205,2026-04-15 04:17:13,WARNING,Database,None,Request completed successfully,241.18
206,2026-05-12 23:11:36,ERROR,Payment,MemoryError,Memory usage exceeded threshold,1363.52
207,2026-02-28 07:26:36,INFO,API,None,Request completed successfully,551.38
208,2026-06-15 07:59:32,ERROR,Search,FileNotFoundError,Required file was not found,1007.45
209,2026-08-06 03:23:02,INFO,Search,None,Request completed successfully,955.62
210,2026-03-01 21:50:11,WARNING,Authentication,TimeoutError,Request timed out,510.34
211,2026-03-23 07:51:57,INFO,Search,None,Request completed successfully,1007.26
212,2026-01-12 00:38:48,ERROR,Storage,PermissionError,Permission denied,632.92
213,2026-06-04 19:33:18,CRITICAL,API,ConnectionError,Connection to service failed,72.09
214,2026-08-15 22:18:25,INFO,Database,None,Request completed successfully,371.35
215,2026-01-05 02:02:31,WARNING,Storage,ConnectionError,Connection to service failed,889.65
216,2026-05-13 13:25:52,WARNING,Payment,None,Request completed successfully,240.36
217,2026-02-19 06:34:59,ERROR,Search,FileNotFoundError,Required file was not found,388.76
218,2026-06-08 07:45:05,WARNING,API,TimeoutError,Request timed out,350.24
219,2026-07-13 00:54:15,INFO,Authentication,None,Request completed successfully,645.9
220,2026-03-05 17:04:29,WARNING,Payment,None,Request completed successfully,35.79
221,2026-03-04 03:31:59,INFO,Payment,None,Request completed successfully,908.61
222,2026-01-15 00:17:48,WARNING,Database,None,Request completed successfully,353.72
223,2026-03-04 23:33:54,INFO,Authentication,None,Request completed successfully,1122.71
224,2026-08-08 07:58:04,INFO,API,None,Request completed successfully,666.17
225,2026-08-23 19:30:29,INFO,Search,None,Request completed successfully,1287.61
226,2026-06-26 21:53:21,INFO,Authentication,None,Request completed successfully,527.88
227,2026-08-28 01:57:58,INFO,Database,None,Request completed successfully,516.0
228,2026-02-27 10:19:10,INFO,Payment,None,Request completed successfully,1195.06
229,2026-02-03 17:58:24,WARNING,Database,TimeoutError,Request timed out,697.04
230,2026-01-06 02:11:52,INFO,Payment,None,Request completed successfully,1342.64
231,2026-03-03 20:30:22,INFO,Search,None,Request completed successfully,868.89
232,2026-07-06 14:03:50,INFO,API,None,Request completed successfully,470.84
233,2026-07-27 07:22:21,INFO,API,None,Request completed successfully,1212.58
234,2026-03-02 00:12:29,CRITICAL,Search,MemoryError,Memory usage exceeded threshold,192.92
235,2026-05-23 22:54:22,INFO,API,None,Request completed successfully,1043.75
236,2026-03-18 02:18:26,ERROR,Database,NullPointerError,Null object encountered,1120.03
237,2026-08-21 01:48:41,ERROR,Payment,TimeoutError,Request timed out,835.26
238,2026-02-10 02:47:03,ERROR,Payment,NullPointerError,Null object encountered,1055.63
239,2026-03-07 12:39:50,INFO,Storage,None,Request completed successfully,307.44
240,2026-07-27 08:01:55,INFO,API,None,Request completed successfully,1320.42
241,2026-01-14 09:29:35,INFO,Database,None,Request completed successfully,1152.9
242,2026-03-01 14:11:46,INFO,Search,None,Request completed successfully,294.27
243,2026-06-17 14:20:57,INFO,Storage,None,Request completed successfully,1018.86
244,2026-08-21 18:26:43,ERROR,API,NullPointerError,Null object encountered,349.31
245,2026-02-24 19:22:08,INFO,Storage,None,Request completed successfully,841.86
246,2026-05-25 12:05:49,INFO,API,None,Request completed successfully,1289.2
247,2026-06-26 05:11:45,INFO,Authentication,None,Request completed successfully,173.84
248,2026-03-21 18:52:23,ERROR,API,TimeoutError,Request timed out,45.34
249,2026-02-12 19:38:21,WARNING,Storage,TimeoutError,Request timed out,671.74
250,2026-05-01 06:17:36,WARNING,API,None,Request completed successfully,1383.15
251,2026-02-06 05:21:26,INFO,Database,None,Request completed successfully,280.22
252,2026-04-26 12:28:16,INFO,Payment,None,Request completed successfully,852.59
253,2026-03-12 19:06:22,INFO,Authentication,None,Request completed successfully,1172.85
254,2026-07-20 14:21:08,INFO,Database,None,Request completed successfully,1231.96
255,2026-04-03 10:15:04,ERROR,Payment,PermissionError,Permission denied,1485.04
256,2026-04-08 14:47:44,INFO,Storage,None,Request completed successfully,865.17
257,2026-02-01 06:55:50,INFO,Payment,None,Request completed successfully,963.84
258,2026-07-27 12:15:56,INFO,Authentication,None,Request completed successfully,1321.6
259,2026-04-18 20:06:47,WARNING,Authentication,TimeoutError,Request timed out,410.61
260,2026-04-10 23:55:44,INFO,Database,None,Request completed successfully,183.36
261,2026-02-19 16:58:20,INFO,Database,None,Request completed successfully,850.85
262,2026-02-21 00:34:36,INFO,Database,None,Request completed successfully,391.27
263,2026-03-16 14:54:36,INFO,Authentication,None,Request completed successfully,1301.4
264,2026-06-07 13:44:33,INFO,Storage,None,Request completed successfully,1423.41
265,2026-01-08 21:48:53,WARNING,Search,TimeoutError,Request timed out,1208.76
266,2026-08-16 01:36:10,INFO,API,None,Request completed successfully,1093.02
267,2026-08-25 18:34:01,INFO,Payment,None,Request completed successfully,612.33
268,2026-01-23 10:43:33,INFO,Search,None,Request completed successfully,282.98
269,2026-02-24 14:47:53,INFO,Search,None,Request completed successfully,1062.42
270,2026-07-26 18:32:21,INFO,API,None,Request completed successfully,35.62
271,2026-04-11 06:38:23,ERROR,Payment,ConnectionError,Connection to service failed,268.07
272,2026-07-23 22:37:09,INFO,Storage,None,Request completed successfully,149.3
273,2026-08-17 22:55:10,ERROR,Database,FileNotFoundError,Required file was not found,1230.77
274,2026-05-20 03:52:28,INFO,Authentication,None,Request completed successfully,1071.91
275,2026-06-10 13:31:37,INFO,Payment,None,Request completed successfully,422.61
276,2026-05-25 15:07:53,INFO,Database,None,Request completed successfully,1484.9
277,2026-04-10 05:01:04,WARNING,Payment,TimeoutError,Request timed out,936.13
278,2026-02-25 14:33:59,INFO,Database,None,Request completed successfully,345.18
279,2026-04-04 02:32:23,WARNING,Database,ConnectionError,Connection to service failed,618.24
280,2026-03-08 05:45:38,INFO,API,None,Request completed successfully,822.96
281,2026-07-19 13:55:11,INFO,Authentication,None,Request completed successfully,553.35
282,2026-04-23 05:48:46,INFO,Payment,None,Request completed successfully,446.56
283,2026-06-02 22:01:20,INFO,Search,None,Request completed successfully,1333.84
284,2026-08-20 13:14:08,INFO,Storage,None,Request completed successfully,561.7
285,2026-06-11 04:08:30,INFO,API,None,Request completed successfully,1248.51
286,2026-07-21 22:46:47,INFO,API,None,Request completed successfully,1153.85
287,2026-08-21 03:47:00,INFO,Authentication,None,Request completed successfully,797.15
288,2026-05-03 11:22:45,INFO,Search,None,Request completed successfully,1059.1
289,2026-01-04 08:17:04,INFO,API,None,Request completed successfully,322.2
290,2026-01-28 17:41:02,ERROR,Search,FileNotFoundError,Required file was not found,377.51
291,2026-07-28 23:51:18,ERROR,Authentication,TimeoutError,Request timed out,1439.57
292,2026-06-08 21:08:17,ERROR,Authentication,NullPointerError,Null object encountered,1132.01
293,2026-06-12 08:44:47,INFO,Database,None,Request completed successfully,437.34
294,2026-07-14 01:28:46,ERROR,Database,ConnectionError,Connection to service failed,413.16
295,2026-08-22 13:59:37,INFO,API,None,Request completed successfully,853.84
296,2026-05-23 14:51:35,INFO,Payment,None,Request completed successfully,1160.81
297,2026-01-18 03:36:58,INFO,Storage,None,Request completed successfully,184.31
298,2026-07-16 20:02:07,WARNING,Database,None,Request completed successfully,1244.91
299,2026-03-03 10:24:15,INFO,Authentication,None,Request completed successfully,907.61
300,2026-01-09 23:35:29,INFO,Search,None,Request completed successfully,873.48
301,2026-07-04 18:06:34,INFO,Database,None,Request completed successfully,1294.57
302,2026-01-23 13:12:02,WARNING,Payment,TimeoutError,Request timed out,850.96
303,2026-07-03 20:54:10,ERROR,Storage,NullPointerError,Null object encountered,141.59
304,2026-07-04 23:59:28,INFO,Search,None,Request completed successfully,292.75
305,2026-08-01 03:46:30,ERROR,Authentication,TimeoutError,Request timed out,396.75
306,2026-04-03 03:58:02,INFO,Payment,None,Request completed successfully,53.31
307,2026-07-10 22:24:15,WARNING,Authentication,TimeoutError,Request timed out,141.65
308,2026-05-14 19:09:53,INFO,Search,None,Request completed successfully,753.61
309,2026-01-06 18:58:33,INFO,Search,None,Request completed successfully,399.6
310,2026-05-07 15:47:30,ERROR,Search,NullPointerError,Null object encountered,839.25
311,2026-03-05 12:05:34,WARNING,Payment,None,Request completed successfully,204.67
312,2026-04-10 19:32:13,INFO,Storage,None,Request completed successfully,740.17
313,2026-04-24 01:44:48,WARNING,Authentication,ConnectionError,Connection to service failed,700.51
314,2026-01-18 20:24:08,ERROR,Payment,NullPointerError,Null object encountered,819.72
315,2026-06-02 03:55:31,INFO,Database,None,Request completed successfully,249.43
316,2026-02-10 07:41:52,INFO,Payment,None,Request completed successfully,1140.17
317,2026-02-25 11:49:05,INFO,Authentication,None,Request completed successfully,1462.73
318,2026-07-07 20:45:53,INFO,Database,None,Request completed successfully,87.29
319,2026-08-08 09:14:59,INFO,Payment,None,Request completed successfully,596.98
320,2026-04-07 02:15:52,WARNING,Payment,TimeoutError,Request timed out,1213.36
321,2026-01-23 11:00:13,WARNING,Database,ConnectionError,Connection to service failed,925.8
322,2026-02-22 01:29:48,CRITICAL,Search,ConnectionError,Connection to service failed,521.18
323,2026-03-13 17:48:41,ERROR,Search,NullPointerError,Null object encountered,1208.96
324,2026-08-09 12:16:01,INFO,Authentication,None,Request completed successfully,564.39
325,2026-05-05 14:02:17,INFO,Payment,None,Request completed successfully,345.65
326,2026-02-09 21:44:31,ERROR,Storage,ConnectionError,Connection to service failed,854.02
327,2026-06-04 16:22:06,INFO,Database,None,Request completed successfully,1161.12
328,2026-06-17 10:53:30,ERROR,Authentication,TimeoutError,Request timed out,941.68
329,2026-01-06 07:42:33,WARNING,Search,ConnectionError,Connection to service failed,359.77
330,2026-07-11 18:49:32,INFO,Payment,None,Request completed successfully,1210.96
331,2026-05-25 09:43:31,INFO,API,None,Request completed successfully,96.72
332,2026-02-23 11:13:04,ERROR,Authentication,FileNotFoundError,Required file was not found,1443.22
333,2026-01-10 21:36:31,INFO,Storage,None,Request completed successfully,1217.5
334,2026-06-02 13:50:55,INFO,API,None,Request completed successfully,806.99
335,2026-04-26 03:56:49,ERROR,Search,TimeoutError,Request timed out,1004.23
336,2026-01-17 11:42:28,INFO,Storage,None,Request completed successfully,477.05
337,2026-05-05 04:45:12,INFO,Search,None,Request completed successfully,998.82
338,2026-06-25 22:17:06,INFO,Database,None,Request completed successfully,204.18
339,2026-04-21 07:37:14,WARNING,Database,None,Request completed successfully,221.93
340,2026-02-26 21:36:30,INFO,API,None,Request completed successfully,386.53
341,2026-03-10 11:05:18,WARNING,Authentication,ConnectionError,Connection to service failed,768.12
342,2026-05-17 20:59:02,INFO,Authentication,None,Request completed successfully,588.32
343,2026-01-23 16:50:40,CRITICAL,API,ConnectionError,Connection to service failed,1135.81
344,2026-08-24 21:03:24,ERROR,Database,FileNotFoundError,Required file was not found,198.45
345,2026-08-14 13:11:51,INFO,Authentication,None,Request completed successfully,180.91
346,2026-02-17 15:41:56,INFO,API,None,Request completed successfully,670.51
347,2026-04-19 23:32:45,INFO,Storage,None,Request completed successfully,649.85
348,2026-03-06 14:41:46,INFO,Search,None,Request completed successfully,1388.07
349,2026-01-11 18:49:22,INFO,API,None,Request completed successfully,777.97
350,2026-03-12 06:40:54,ERROR,Authentication,NullPointerError,Null object encountered,134.85
351,2026-03-11 12:57:08,WARNING,Authentication,ConnectionError,Connection to service failed,1199.74
352,2026-08-06 13:24:55,WARNING,Search,TimeoutError,Request timed out,112.13
353,2026-05-17 10:38:57,INFO,Storage,None,Request completed successfully,1168.58
354,2026-08-23 14:35:33,INFO,Database,None,Request completed successfully,117.41
355,2026-06-23 06:48:37,INFO,Search,None,Request completed successfully,917.07
356,2026-01-23 04:44:01,WARNING,API,None,Request completed successfully,748.26
357,2026-01-25 23:40:48,INFO,API,None,Request completed successfully,908.0
358,2026-01-03 23:34:43,INFO,Payment,None,Request completed successfully,1381.36
359,2026-07-01 05:05:35,INFO,Authentication,None,Request completed successfully,367.32
360,2026-02-03 22:41:35,INFO,Authentication,None,Request completed successfully,970.98
361,2026-05-24 16:27:50,ERROR,API,FileNotFoundError,Required file was not found,37.35
362,2026-07-19 14:44:10,INFO,Search,None,Request completed successfully,1162.37
363,2026-06-22 14:13:17,INFO,Database,None,Request completed successfully,416.91
364,2026-03-01 07:11:42,WARNING,API,None,Request completed successfully,736.15
365,2026-07-22 06:53:38,ERROR,Payment,NullPointerError,Null object encountered,144.68
366,2026-08-14 00:34:40,INFO,API,None,Request completed successfully,1350.47
367,2026-05-13 02:29:55,ERROR,Search,NullPointerError,Null object encountered,131.04
368,2026-07-20 13:24:35,WARNING,Payment,TimeoutError,Request timed out,1209.1
369,2026-07-06 16:34:55,CRITICAL,Storage,PermissionError,Permission denied,688.82
370,2026-03-28 13:33:02,INFO,Storage,None,Request completed successfully,725.41
371,2026-02-21 09:17:48,INFO,Payment,None,Request completed successfully,1444.41
372,2026-01-17 18:22:37,INFO,Database,None,Request completed successfully,55.87
373,2026-08-18 09:45:30,INFO,Authentication,None,Request completed successfully,325.81
374,2026-07-07 23:37:08,INFO,Storage,None,Request completed successfully,1042.68
375,2026-07-19 20:01:14,INFO,Payment,None,Request completed successfully,966.6
376,2026-04-23 03:52:09,INFO,API,None,Request completed successfully,617.66
377,2026-07-06 01:18:50,WARNING,Authentication,TimeoutError,Request timed out,197.16
378,2026-01-02 12:49:01,INFO,Payment,None,Request completed successfully,202.16
379,2026-08-16 06:16:46,WARNING,Payment,None,Request completed successfully,838.77
380,2026-08-24 17:47:37,INFO,Database,None,Request completed successfully,428.61
381,2026-08-18 14:39:21,INFO,Database,None,Request completed successfully,489.03
382,2026-08-25 09:20:16,INFO,API,None,Request completed successfully,231.44
383,2026-04-12 17:16:15,INFO,Storage,None,Request completed successfully,1342.47
384,2026-08-17 21:42:49,INFO,Payment,None,Request completed successfully,1409.64
385,2026-07-28 12:36:26,CRITICAL,Storage,PermissionError,Permission denied,954.19
386,2026-06-16 06:06:21,INFO,API,None,Request completed successfully,937.72
387,2026-06-13 23:24:22,WARNING,Authentication,None,Request completed successfully,81.63
388,2026-01-02 17:37:50,INFO,Storage,None,Request completed successfully,73.06
389,2026-05-17 10:22:32,INFO,Authentication,None,Request completed successfully,382.11
390,2026-06-08 00:13:02,INFO,Payment,None,Request completed successfully,1090.33
391,2026-06-03 04:37:22,INFO,Payment,None,Request completed successfully,1173.54
392,2026-01-18 00:31:29,INFO,Database,None,Request completed successfully,396.61
393,2026-04-27 12:14:09,INFO,Database,None,Request completed successfully,301.46
394,2026-07-07 15:12:22,INFO,API,None,Request completed successfully,711.81
395,2026-04-20 23:57:32,INFO,API,None,Request completed successfully,32.82
396,2026-01-20 23:45:34,ERROR,Payment,ConnectionError,Connection to service failed,964.82
397,2026-05-27 05:10:37,INFO,Payment,None,Request completed successfully,1007.54
398,2026-07-14 13:21:30,WARNING,Authentication,None,Request completed successfully,357.23
399,2026-06-14 18:54:18,INFO,Database,None,Request completed successfully,1487.15
400,2026-01-26 22:52:01,INFO,API,None,Request completed successfully,976.4
401,2026-08-21 07:56:25,ERROR,Payment,ConnectionError,Connection to service failed,322.52
402,2026-08-28 10:21:14,INFO,Storage,None,Request completed successfully,890.48
403,2026-08-04 12:49:41,WARNING,Storage,TimeoutError,Request timed out,1400.09
404,2026-02-13 13:43:10,INFO,API,None,Request completed successfully,340.22
405,2026-04-22 15:01:59,INFO,Search,None,Request completed successfully,583.74
406,2026-02-06 04:01:43,INFO,Storage,None,Request completed successfully,157.71
407,2026-04-16 04:51:59,INFO,API,None,Request completed successfully,636.52
408,2026-01-16 10:51:12,INFO,Authentication,None,Request completed successfully,1395.8
409,2026-03-14 09:28:17,WARNING,Database,ConnectionError,Connection to service failed,962.76
410,2026-07-01 18:42:21,ERROR,Payment,TimeoutError,Request timed out,236.59
411,2026-02-16 07:26:18,INFO,Database,None,Request completed successfully,72.34
412,2026-02-11 11:39:55,INFO,Authentication,None,Request completed successfully,69.68
413,2026-08-14 14:42:10,WARNING,Search,ConnectionError,Connection to service failed,324.07
414,2026-02-16 02:10:45,INFO,Payment,None,Request completed successfully,24.79
415,2026-01-26 05:40:16,INFO,Database,None,Request completed successfully,599.18
416,2026-01-24 05:00:43,INFO,Authentication,None,Request completed successfully,698.93
417,2026-07-27 15:36:16,WARNING,Storage,None,Request completed successfully,1011.76
418,2026-01-27 11:58:58,INFO,Payment,None,Request completed successfully,1037.93
419,2026-01-18 17:18:33,INFO,Payment,None,Request completed successfully,1274.73
420,2026-01-17 01:08:46,INFO,API,None,Request completed successfully,1483.68
421,2026-01-25 04:29:57,INFO,API,None,Request completed successfully,1421.8
422,2026-04-19 16:41:52,INFO,Authentication,None,Request completed successfully,223.52
423,2026-04-09 02:45:09,INFO,API,None,Request completed successfully,881.19
424,2026-01-24 03:52:45,INFO,Authentication,None,Request completed successfully,314.83
425,2026-05-03 00:05:37,INFO,API,None,Request completed successfully,1295.64
426,2026-07-20 15:53:53,INFO,Authentication,None,Request completed successfully,692.89
427,2026-06-15 22:46:54,ERROR,Database,ConnectionError,Connection to service failed,1097.33
428,2026-08-16 07:00:09,WARNING,Storage,ConnectionError,Connection to service failed,244.95
429,2026-04-10 14:40:01,INFO,Search,None,Request completed successfully,1135.86
430,2026-04-26 20:28:02,WARNING,Database,ConnectionError,Connection to service failed,996.24
431,2026-06-19 23:23:23,ERROR,Database,MemoryError,Memory usage exceeded threshold,1471.92
432,2026-07-22 20:37:35,INFO,Database,None,Request completed successfully,1070.43
433,2026-02-19 11:11:51,INFO,Database,None,Request completed successfully,38.76
434,2026-04-20 13:03:18,INFO,Search,None,Request completed successfully,419.63
435,2026-07-13 23:53:38,INFO,Authentication,None,Request completed successfully,839.15
436,2026-06-07 06:22:54,INFO,Database,None,Request completed successfully,492.36
437,2026-04-22 06:23:42,WARNING,Storage,ConnectionError,Connection to service failed,892.64
438,2026-07-06 13:41:08,WARNING,Database,TimeoutError,Request timed out,64.2
439,2026-07-14 03:58:39,WARNING,Payment,None,Request completed successfully,914.71
440,2026-05-07 15:16:22,WARNING,API,None,Request completed successfully,806.23
441,2026-02-15 22:15:16,INFO,Search,None,Request completed successfully,38.94
442,2026-06-18 20:12:48,INFO,Search,None,Request completed successfully,732.18
443,2026-02-26 09:48:55,WARNING,Search,ConnectionError,Connection to service failed,1356.91
444,2026-04-06 06:44:42,INFO,API,None,Request completed successfully,586.59
445,2026-01-20 23:30:37,ERROR,Database,FileNotFoundError,Required file was not found,983.81
446,2026-02-03 01:56:13,INFO,Database,None,Request completed successfully,587.58
447,2026-02-05 09:09:54,WARNING,Storage,None,Request completed successfully,197.05
448,2026-02-04 09:47:04,INFO,Storage,None,Request completed successfully,1489.54
449,2026-06-11 10:03:24,INFO,Database,None,Request completed successfully,1345.25
450,2026-02-28 16:23:18,INFO,Payment,None,Request completed successfully,792.69
451,2026-05-16 10:58:41,INFO,Payment,None,Request completed successfully,944.77
452,2026-01-13 15:58:15,INFO,Search,None,Request completed successfully,1106.6
453,2026-07-05 04:34:46,INFO,Authentication,None,Request completed successfully,967.04
454,2026-06-04 22:31:03,INFO,Search,None,Request completed successfully,876.78
455,2026-03-03 06:21:05,WARNING,Database,TimeoutError,Request timed out,1075.19
456,2026-05-18 22:38:01,ERROR,Search,NullPointerError,Null object encountered,202.65
457,2026-05-08 12:35:11,INFO,API,None,Request completed successfully,1316.69
458,2026-04-17 22:33:23,ERROR,Search,PermissionError,Permission denied,1110.99
459,2026-06-07 03:04:08,INFO,Authentication,None,Request completed successfully,1176.18
460,2026-08-04 00:13:08,ERROR,Storage,MemoryError,Memory usage exceeded threshold,411.04
461,2026-07-18 08:21:31,INFO,API,None,Request completed successfully,1232.56
462,2026-06-18 13:58:10,INFO,Search,None,Request completed successfully,1393.34
463,2026-01-23 08:56:16,INFO,Authentication,None,Request completed successfully,724.05
464,2026-07-21 18:00:46,INFO,Authentication,None,Request completed successfully,424.48
465,2026-04-21 07:28:56,INFO,Search,None,Request completed successfully,1138.66
466,2026-06-03 00:27:10,ERROR,Storage,NullPointerError,Null object encountered,659.52
467,2026-07-01 03:40:26,INFO,Search,None,Request completed successfully,794.2
468,2026-08-26 01:26:13,INFO,API,None,Request completed successfully,817.52
469,2026-05-02 00:09:36,INFO,API,None,Request completed successfully,1024.99
470,2026-07-27 20:34:22,INFO,Storage,None,Request completed successfully,683.93
471,2026-04-01 22:33:10,WARNING,API,TimeoutError,Request timed out,723.08
472,2026-05-04 19:57:17,INFO,API,None,Request completed successfully,1091.25
473,2026-01-02 21:15:11,INFO,Database,None,Request completed successfully,553.93
474,2026-02-02 10:26:34,ERROR,Database,MemoryError,Memory usage exceeded threshold,156.17
475,2026-04-15 04:13:50,INFO,Payment,None,Request completed successfully,749.41
476,2026-07-18 19:47:43,INFO,Database,None,Request completed successfully,1474.48
477,2026-04-03 17:59:17,ERROR,API,PermissionError,Permission denied,1446.83
478,2026-06-10 06:11:42,INFO,Database,None,Request completed successfully,115.82
479,2026-05-28 09:06:32,INFO,Payment,None,Request completed successfully,1008.34
480,2026-02-20 01:50:21,ERROR,Payment,MemoryError,Memory usage exceeded threshold,1403.03
481,2026-05-16 18:07:14,INFO,Database,None,Request completed successfully,1439.78
482,2026-06-07 20:36:06,ERROR,Storage,FileNotFoundError,Required file was not found,353.33
483,2026-02-26 10:39:16,WARNING,Search,ConnectionError,Connection to service failed,1308.31
484,2026-08-14 10:41:53,INFO,Storage,None,Request completed successfully,415.19
485,2026-06-26 09:32:46,ERROR,Authentication,PermissionError,Permission denied,546.46
486,2026-05-18 01:50:38,INFO,Authentication,None,Request completed successfully,449.14
487,2026-06-25 02:55:13,ERROR,Payment,MemoryError,Memory usage exceeded threshold,712.63
488,2026-07-20 17:15:27,INFO,Storage,None,Request completed successfully,805.39
489,2026-06-03 14:18:12,ERROR,Authentication,MemoryError,Memory usage exceeded threshold,127.78
490,2026-05-27 04:11:12,INFO,Authentication,None,Request completed successfully,1174.38
491,2026-08-05 01:13:50,INFO,Storage,None,Request completed successfully,180.62
492,2026-04-28 20:36:05,INFO,API,None,Request completed successfully,248.59
493,2026-07-26 02:41:52,ERROR,Payment,TimeoutError,Request timed out,612.72
494,2026-04-21 16:31:41,INFO,API,None,Request completed successfully,1221.01
495,2026-05-27 23:21:31,INFO,Database,None,Request completed successfully,156.06
496,2026-06-16 10:19:15,ERROR,Payment,ConnectionError,Connection to service failed,952.94
497,2026-06-04 18:18:13,INFO,Database,None,Request completed successfully,304.39
498,2026-08-13 10:10:30,CRITICAL,Storage,PermissionError,Permission denied,1055.73
499,2026-05-26 14:24:07,INFO,Authentication,None,Request completed successfully,420.66
500,2026-06-25 20:54:01,INFO,Payment,None,Request completed successfully,1266.94
501,2026-03-23 04:53:15,WARNING,Payment,None,Request completed successfully,688.24
502,2026-08-14 23:08:47,INFO,API,None,Request completed successfully,943.48
503,2026-02-24 09:25:17,INFO,Storage,None,Request completed successfully,360.73
504,2026-03-20 16:04:46,INFO,API,None,Request completed successfully,110.6
505,2026-01-17 00:05:47,INFO,Storage,None,Request completed successfully,225.77
506,2026-01-02 10:01:23,WARNING,Database,None,Request completed successfully,344.35
507,2026-07-04 12:56:37,INFO,Payment,None,Request completed successfully,217.94
508,2026-02-13 21:08:28,ERROR,Payment,TimeoutError,Request timed out,386.41
509,2026-03-11 21:27:26,WARNING,Authentication,TimeoutError,Request timed out,401.7
510,2026-05-06 04:51:58,INFO,Search,None,Request completed successfully,1444.62
511,2026-04-14 13:32:10,INFO,API,None,Request completed successfully,651.37
512,2026-03-27 11:31:40,INFO,Authentication,None,Request completed successfully,986.63
513,2026-08-16 17:47:35,INFO,Search,None,Request completed successfully,386.31
514,2026-01-18 08:50:12,INFO,Search,None,Request completed successfully,1313.64
515,2026-08-24 00:31:26,INFO,Payment,None,Request completed successfully,441.3
516,2026-06-12 09:45:29,INFO,Payment,None,Request completed successfully,786.99
517,2026-07-14 14:25:53,WARNING,Payment,TimeoutError,Request timed out,851.76
518,2026-06-05 16:52:39,INFO,Authentication,None,Request completed successfully,425.26
519,2026-08-04 22:28:46,INFO,Authentication,None,Request completed successfully,466.89
520,2026-01-07 04:46:35,INFO,Search,None,Request completed successfully,708.4
521,2026-04-08 08:43:00,CRITICAL,API,ConnectionError,Connection to service failed,27.32
522,2026-02-26 17:45:08,ERROR,Authentication,NullPointerError,Null object encountered,83.95
523,2026-08-17 13:07:23,INFO,Database,None,Request completed successfully,103.52
524,2026-05-22 16:48:27,INFO,Payment,None,Request completed successfully,1414.62
525,2026-04-09 06:18:03,ERROR,Database,TimeoutError,Request timed out,195.86
526,2026-04-01 01:58:22,INFO,Authentication,None,Request completed successfully,1425.38
527,2026-04-18 01:07:22,INFO,Search,None,Request completed successfully,250.12
528,2026-08-12 06:47:02,ERROR,API,NullPointerError,Null object encountered,704.1
529,2026-04-07 20:17:39,WARNING,Storage,TimeoutError,Request timed out,140.42
530,2026-06-19 02:35:34,INFO,Payment,None,Request completed successfully,86.64
531,2026-06-05 11:33:49,ERROR,Search,ConnectionError,Connection to service failed,108.4
532,2026-05-10 02:02:22,ERROR,Authentication,PermissionError,Permission denied,289.88
533,2026-08-14 08:23:02,INFO,Payment,None,Request completed successfully,158.09
534,2026-05-08 14:50:32,INFO,Payment,None,Request completed successfully,433.11
535,2026-05-09 15:51:17,WARNING,Authentication,None,Request completed successfully,573.16
536,2026-05-17 22:35:17,ERROR,Authentication,MemoryError,Memory usage exceeded threshold,1285.99
537,2026-07-26 13:03:10,INFO,Payment,None,Request completed successfully,411.38
538,2026-01-04 09:17:04,INFO,Authentication,None,Request completed successfully,778.11
539,2026-06-26 15:09:49,INFO,Payment,None,Request completed successfully,770.13
540,2026-05-28 18:27:32,INFO,Storage,None,Request completed successfully,609.35
541,2026-07-05 08:44:08,ERROR,Payment,PermissionError,Permission denied,417.78
542,2026-04-14 03:01:40,WARNING,API,ConnectionError,Connection to service failed,434.57
543,2026-05-24 09:15:11,INFO,API,None,Request completed successfully,1149.08
544,2026-02-08 22:03:24,WARNING,Authentication,TimeoutError,Request timed out,700.92
545,2026-07-26 06:01:32,INFO,Database,None,Request completed successfully,502.24
546,2026-02-18 07:10:54,INFO,API,None,Request completed successfully,961.91
547,2026-05-23 10:14:29,INFO,Authentication,None,Request completed successfully,570.45
548,2026-03-05 21:56:50,INFO,Database,None,Request completed successfully,361.31
549,2026-02-21 05:45:56,CRITICAL,Payment,ConnectionError,Connection to service failed,759.39
550,2026-01-22 20:00:07,WARNING,Database,None,Request completed successfully,279.76
551,2026-07-12 04:47:40,INFO,API,None,Request completed successfully,146.58
552,2026-07-01 18:42:49,INFO,Database,None,Request completed successfully,1429.66
553,2026-05-01 12:17:58,WARNING,Authentication,ConnectionError,Connection to service failed,675.64
554,2026-03-05 20:17:47,INFO,Payment,None,Request completed successfully,1280.97
555,2026-06-23 09:40:46,WARNING,Database,None,Request completed successfully,1382.5
556,2026-02-20 14:19:03,INFO,Database,None,Request completed successfully,1499.98
557,2026-01-18 05:58:42,WARNING,API,ConnectionError,Connection to service failed,163.92
558,2026-01-22 14:08:00,INFO,Authentication,None,Request completed successfully,655.76
559,2026-02-27 17:26:37,WARNING,API,TimeoutError,Request timed out,794.34
560,2026-05-14 21:12:20,ERROR,Payment,TimeoutError,Request timed out,895.74
561,2026-02-17 12:25:25,ERROR,Search,TimeoutError,Request timed out,1216.43
562,2026-06-18 23:24:20,CRITICAL,Payment,ConnectionError,Connection to service failed,640.62
563,2026-04-27 06:32:57,INFO,Search,None,Request completed successfully,736.76
564,2026-08-19 20:39:21,INFO,API,None,Request completed successfully,1209.18
565,2026-03-27 22:42:41,WARNING,API,TimeoutError,Request timed out,800.87
566,2026-08-03 16:50:17,INFO,API,None,Request completed successfully,78.82
567,2026-07-19 23:56:53,WARNING,Storage,TimeoutError,Request timed out,398.66
568,2026-08-27 10:01:32,INFO,Payment,None,Request completed successfully,586.84
569,2026-01-11 14:01:11,INFO,Payment,None,Request completed successfully,1449.4
570,2026-08-16 13:48:08,CRITICAL,Payment,PermissionError,Permission denied,857.18
571,2026-05-16 20:59:44,INFO,Payment,None,Request completed successfully,1361.11
572,2026-04-23 16:22:02,INFO,Storage,None,Request completed successfully,339.72
573,2026-05-07 13:24:42,INFO,Authentication,None,Request completed successfully,1390.28
574,2026-04-08 01:48:09,CRITICAL,Payment,PermissionError,Permission denied,1267.33
575,2026-07-06 21:21:00,INFO,Payment,None,Request completed successfully,314.23
576,2026-04-08 03:57:45,INFO,API,None,Request completed successfully,558.63
577,2026-05-03 11:55:16,CRITICAL,Search,ConnectionError,Connection to service failed,1467.43
578,2026-02-14 08:50:01,INFO,Storage,None,Request completed successfully,754.08
579,2026-06-03 22:57:32,ERROR,Authentication,ConnectionError,Connection to service failed,1300.05
580,2026-08-03 10:32:38,INFO,Storage,None,Request completed successfully,942.9
581,2026-05-10 04:47:37,INFO,Storage,None,Request completed successfully,48.16
582,2026-04-16 17:56:22,INFO,API,None,Request completed successfully,273.8
583,2026-05-20 14:01:15,INFO,API,None,Request completed successfully,638.85
584,2026-05-12 22:58:41,INFO,API,None,Request completed successfully,632.32
585,2026-06-13 18:31:21,INFO,API,None,Request completed successfully,720.36
586,2026-02-24 00:15:25,WARNING,API,TimeoutError,Request timed out,1068.15
587,2026-07-07 01:58:22,INFO,Payment,None,Request completed successfully,93.55
588,2026-06-14 04:27:01,INFO,Database,None,Request completed successfully,1104.78
589,2026-01-20 01:19:20,INFO,Storage,None,Request completed successfully,1081.61
590,2026-03-06 17:53:50,ERROR,Payment,FileNotFoundError,Required file was not found,383.69
591,2026-05-04 10:27:15,INFO,Authentication,None,Request completed successfully,1273.21
592,2026-05-16 01:13:45,INFO,Authentication,None,Request completed successfully,353.42
593,2026-02-01 07:38:56,INFO,Storage,None,Request completed successfully,698.4
594,2026-08-02 12:35:50,INFO,Database,None,Request completed successfully,1263.57
595,2026-07-12 07:59:05,CRITICAL,Storage,ConnectionError,Connection to service failed,1252.18
596,2026-05-23 04:30:02,INFO,API,None,Request completed successfully,149.02
597,2026-04-14 20:33:01,INFO,Database,None,Request completed successfully,408.34
598,2026-08-15 15:36:13,ERROR,Database,TimeoutError,Request timed out,232.68
599,2026-06-13 22:33:13,INFO,Authentication,None,Request completed successfully,150.01
600,2026-04-14 12:25:26,ERROR,API,NullPointerError,Null object encountered,910.75
601,2026-08-11 07:09:24,INFO,Search,None,Request completed successfully,70.4
602,2026-01-26 06:08:59,INFO,Search,None,Request completed successfully,866.21
603,2026-05-12 06:09:37,INFO,Storage,None,Request completed successfully,1234.9
604,2026-05-16 05:37:33,WARNING,Authentication,TimeoutError,Request timed out,840.71
605,2026-01-27 23:20:08,INFO,Authentication,None,Request completed successfully,1236.52
606,2026-02-27 20:28:55,INFO,API,None,Request completed successfully,188.09
607,2026-06-10 00:38:22,INFO,Authentication,None,Request completed successfully,94.42
608,2026-08-26 05:23:50,INFO,Payment,None,Request completed successfully,50.52
609,2026-07-09 00:54:00,CRITICAL,API,ConnectionError,Connection to service failed,350.32
610,2026-01-07 08:43:54,INFO,Storage,None,Request completed successfully,1333.72
611,2026-08-16 00:05:48,WARNING,API,TimeoutError,Request timed out,892.72
612,2026-08-24 16:48:29,WARNING,Payment,TimeoutError,Request timed out,547.23
613,2026-02-14 22:37:07,WARNING,Storage,TimeoutError,Request timed out,608.31
614,2026-06-11 07:22:34,INFO,Payment,None,Request completed successfully,209.83
615,2026-01-24 12:15:56,INFO,Payment,None,Request completed successfully,962.29
616,2026-04-14 22:23:58,WARNING,Authentication,TimeoutError,Request timed out,336.99
617,2026-05-20 17:10:02,INFO,Storage,None,Request completed successfully,190.25
618,2026-02-03 06:27:46,INFO,Payment,None,Request completed successfully,1090.66
619,2026-01-07 23:21:35,INFO,API,None,Request completed successfully,148.71
620,2026-01-18 22:33:19,INFO,Search,None,Request completed successfully,441.49
621,2026-06-16 16:17:12,INFO,Search,None,Request completed successfully,149.17
622,2026-01-14 03:04:08,ERROR,Database,TimeoutError,Request timed out,880.83
623,2026-03-19 08:44:25,INFO,Payment,None,Request completed successfully,542.25
624,2026-01-24 15:33:04,INFO,Storage,None,Request completed successfully,895.32
625,2026-06-25 00:34:58,CRITICAL,Authentication,MemoryError,Memory usage exceeded threshold,107.96
626,2026-03-15 07:09:55,ERROR,Search,NullPointerError,Null object encountered,1263.78
627,2026-01-02 08:52:26,WARNING,Payment,None,Request completed successfully,179.93
628,2026-08-28 03:16:11,INFO,Database,None,Request completed successfully,965.64
629,2026-04-19 16:58:24,INFO,Storage,None,Request completed successfully,1019.72
630,2026-01-27 02:51:45,WARNING,Database,TimeoutError,Request timed out,1330.98
631,2026-08-04 11:00:51,INFO,Authentication,None,Request completed successfully,1388.98
632,2026-03-28 20:02:15,INFO,Storage,None,Request completed successfully,875.75
633,2026-06-22 15:27:04,INFO,Database,None,Request completed successfully,1146.18
634,2026-06-09 13:55:35,INFO,API,None,Request completed successfully,1375.74
635,2026-06-21 10:17:04,INFO,Storage,None,Request completed successfully,607.37
636,2026-02-02 11:22:21,INFO,Database,None,Request completed successfully,225.2
637,2026-05-26 22:42:18,INFO,Search,None,Request completed successfully,1308.01
638,2026-04-04 19:33:25,INFO,Database,None,Request completed successfully,53.07
639,2026-02-21 05:37:00,ERROR,Payment,PermissionError,Permission denied,382.37
640,2026-05-16 20:41:46,INFO,API,None,Request completed successfully,75.42
641,2026-08-12 20:49:15,INFO,API,None,Request completed successfully,390.93
642,2026-01-15 21:19:30,ERROR,Payment,PermissionError,Permission denied,1051.49
643,2026-01-19 03:24:18,INFO,API,None,Request completed successfully,396.38
644,2026-08-03 04:54:27,WARNING,Storage,None,Request completed successfully,1436.4
645,2026-06-04 09:33:29,INFO,Payment,None,Request completed successfully,251.84
646,2026-04-01 17:21:12,INFO,Database,None,Request completed successfully,1274.02
647,2026-02-19 23:24:53,INFO,Authentication,None,Request completed successfully,994.05
648,2026-05-08 15:34:41,WARNING,Database,TimeoutError,Request timed out,1451.59
649,2026-03-05 10:23:56,INFO,Search,None,Request completed successfully,850.26
650,2026-01-03 15:22:56,INFO,Payment,None,Request completed successfully,1337.29
651,2026-08-27 03:51:00,WARNING,Database,None,Request completed successfully,1094.25
652,2026-07-06 08:56:09,INFO,Authentication,None,Request completed successfully,1126.41
653,2026-06-21 16:49:31,INFO,Authentication,None,Request completed successfully,701.52
654,2026-07-27 09:52:38,INFO,Payment,None,Request completed successfully,298.5
655,2026-01-19 19:52:07,CRITICAL,Database,MemoryError,Memory usage exceeded threshold,563.32
656,2026-01-06 10:56:39,INFO,Payment,None,Request completed successfully,972.1
657,2026-04-03 17:25:08,INFO,Search,None,Request completed successfully,481.95
658,2026-03-06 10:20:50,INFO,Payment,None,Request completed successfully,1454.39
659,2026-01-10 21:59:48,INFO,Database,None,Request completed successfully,1180.08
660,2026-02-04 19:43:40,INFO,Search,None,Request completed successfully,1025.99
661,2026-01-14 04:26:43,WARNING,Storage,TimeoutError,Request timed out,1196.03
662,2026-08-15 10:32:24,INFO,API,None,Request completed successfully,88.44
663,2026-03-23 14:06:55,ERROR,API,TimeoutError,Request timed out,713.2
664,2026-06-01 06:30:17,ERROR,Authentication,MemoryError,Memory usage exceeded threshold,1475.53
665,2026-07-28 08:10:33,INFO,API,None,Request completed successfully,277.41
666,2026-06-24 07:37:15,INFO,Storage,None,Request completed successfully,699.34
667,2026-03-13 10:55:01,INFO,Authentication,None,Request completed successfully,68.98
668,2026-01-25 13:50:07,INFO,API,None,Request completed successfully,42.14
669,2026-01-04 16:43:59,WARNING,API,None,Request completed successfully,434.38
670,2026-07-26 09:03:32,INFO,Authentication,None,Request completed successfully,256.48
671,2026-01-03 23:41:21,WARNING,Payment,ConnectionError,Connection to service failed,1344.64
672,2026-04-14 00:39:16,INFO,Storage,None,Request completed successfully,988.07
673,2026-05-13 23:46:36,WARNING,Authentication,ConnectionError,Connection to service failed,703.03
674,2026-05-02 22:19:31,INFO,API,None,Request completed successfully,633.68
675,2026-07-26 00:39:54,INFO,Authentication,None,Request completed successfully,1137.15
676,2026-07-13 05:29:16,INFO,Storage,None,Request completed successfully,685.52
677,2026-02-12 00:25:21,ERROR,Storage,PermissionError,Permission denied,1432.87
678,2026-06-03 16:44:21,INFO,Authentication,None,Request completed successfully,523.89
679,2026-01-12 11:58:46,WARNING,API,None,Request completed successfully,640.9
680,2026-02-28 14:00:22,INFO,Authentication,None,Request completed successfully,160.04
681,2026-07-22 00:15:44,CRITICAL,API,ConnectionError,Connection to service failed,720.17
682,2026-06-18 06:45:17,CRITICAL,Storage,PermissionError,Permission denied,23.11
683,2026-07-04 14:04:53,INFO,Authentication,None,Request completed successfully,858.54
684,2026-01-11 12:44:54,WARNING,Authentication,None,Request completed successfully,639.26
685,2026-06-09 03:17:38,ERROR,API,TimeoutError,Request timed out,1401.37
686,2026-01-23 18:01:19,INFO,Authentication,None,Request completed successfully,60.6
687,2026-04-19 16:17:19,INFO,Authentication,None,Request completed successfully,1200.9
688,2026-05-27 00:53:39,WARNING,Storage,None,Request completed successfully,1202.33
689,2026-07-22 13:09:06,ERROR,Storage,PermissionError,Permission denied,242.29
690,2026-03-22 21:14:49,WARNING,Storage,ConnectionError,Connection to service failed,68.15
691,2026-05-09 06:42:45,INFO,Search,None,Request completed successfully,184.01
692,2026-03-08 12:09:14,INFO,Database,None,Request completed successfully,339.66
693,2026-02-21 15:49:27,WARNING,Search,None,Request completed successfully,758.88
694,2026-05-18 07:32:51,WARNING,Storage,None,Request completed successfully,297.94
695,2026-02-20 08:30:12,INFO,Storage,None,Request completed successfully,411.87
696,2026-07-15 05:29:03,INFO,API,None,Request completed successfully,513.19
697,2026-07-15 08:30:13,WARNING,Storage,None,Request completed successfully,1380.75
698,2026-07-24 01:36:18,ERROR,Search,FileNotFoundError,Required file was not found,76.81
699,2026-07-07 15:52:01,INFO,Database,None,Request completed successfully,1151.95
700,2026-07-12 16:23:35,INFO,Storage,None,Request completed successfully,159.95
701,2026-04-23 22:40:18,INFO,Authentication,None,Request completed successfully,227.63
702,2026-02-27 05:58:42,INFO,Storage,None,Request completed successfully,423.32
703,2026-05-12 09:25:00,CRITICAL,API,ConnectionError,Connection to service failed,753.35
704,2026-07-15 12:25:38,INFO,Search,None,Request completed successfully,1357.45
705,2026-07-15 10:03:28,WARNING,Search,None,Request completed successfully,86.66
706,2026-08-24 11:10:09,INFO,Payment,None,Request completed successfully,1152.64
707,2026-06-05 22:13:55,INFO,Search,None,Request completed successfully,229.74
708,2026-04-07 04:54:52,ERROR,Authentication,FileNotFoundError,Required file was not found,677.71
709,2026-08-01 12:29:38,INFO,Storage,None,Request completed successfully,1060.17
710,2026-08-06 07:33:06,INFO,Payment,None,Request completed successfully,930.02
711,2026-05-04 15:30:38,ERROR,Search,ConnectionError,Connection to service failed,1428.46
712,2026-02-28 03:43:32,INFO,Storage,None,Request completed successfully,1317.61
713,2026-03-15 06:54:14,ERROR,Authentication,FileNotFoundError,Required file was not found,853.38
714,2026-07-28 22:31:19,INFO,Payment,None,Request completed successfully,554.67
715,2026-03-02 14:36:02,WARNING,Authentication,TimeoutError,Request timed out,1107.11
716,2026-05-06 12:14:54,ERROR,Storage,TimeoutError,Request timed out,1259.57
717,2026-03-27 04:40:58,INFO,API,None,Request completed successfully,686.64
718,2026-02-09 10:11:26,INFO,Database,None,Request completed successfully,162.69
719,2026-05-06 22:59:29,ERROR,Search,TimeoutError,Request timed out,179.52
720,2026-08-20 19:01:39,INFO,Search,None,Request completed successfully,122.47
721,2026-08-24 18:33:42,INFO,API,None,Request completed successfully,176.7
722,2026-05-03 16:33:34,INFO,Storage,None,Request completed successfully,551.63
723,2026-07-21 16:52:44,ERROR,Storage,PermissionError,Permission denied,1143.69
724,2026-02-12 08:38:03,INFO,Database,None,Request completed successfully,546.9
725,2026-05-12 12:00:06,WARNING,Payment,TimeoutError,Request timed out,620.69
726,2026-06-26 03:09:22,ERROR,Database,PermissionError,Permission denied,711.56
727,2026-07-03 10:17:20,WARNING,Authentication,None,Request completed successfully,222.55
728,2026-08-28 05:25:07,WARNING,Search,ConnectionError,Connection to service failed,349.22
729,2026-04-20 09:28:04,INFO,API,None,Request completed successfully,76.99
730,2026-03-12 05:37:25,INFO,Authentication,None,Request completed successfully,277.35
731,2026-06-21 05:23:56,INFO,Search,None,Request completed successfully,1337.39
732,2026-04-22 11:20:58,ERROR,Storage,MemoryError,Memory usage exceeded threshold,1460.91
733,2026-04-04 19:49:56,ERROR,Payment,TimeoutError,Request timed out,685.16
734,2026-04-14 10:52:21,INFO,API,None,Request completed successfully,778.05
735,2026-01-03 21:03:31,WARNING,Database,ConnectionError,Connection to service failed,854.67
736,2026-04-25 13:47:52,ERROR,Payment,TimeoutError,Request timed out,553.99
737,2026-01-24 06:04:27,INFO,API,None,Request completed successfully,470.23
738,2026-01-15 05:48:01,WARNING,API,None,Request completed successfully,764.92
739,2026-02-08 17:40:34,INFO,Payment,None,Request completed successfully,298.04
740,2026-07-21 07:01:04,INFO,Payment,None,Request completed successfully,1336.25
741,2026-07-10 20:59:30,ERROR,API,ConnectionError,Connection to service failed,610.03
742,2026-05-17 23:17:00,INFO,Storage,None,Request completed successfully,914.12
743,2026-05-27 18:40:42,INFO,Storage,None,Request completed successfully,404.86
744,2026-03-19 11:44:37,INFO,Payment,None,Request completed successfully,1309.07
745,2026-04-08 05:01:31,INFO,Search,None,Request completed successfully,1469.92
746,2026-05-12 06:39:02,WARNING,Search,None,Request completed successfully,704.97
747,2026-06-05 18:20:06,INFO,Payment,None,Request completed successfully,159.83
748,2026-08-13 23:53:53,INFO,Search,None,Request completed successfully,942.04
749,2026-05-03 13:14:54,WARNING,Storage,ConnectionError,Connection to service failed,1218.73
750,2026-05-02 19:06:43,INFO,Authentication,None,Request completed successfully,1029.21
751,2026-03-27 10:34:01,INFO,Authentication,None,Request completed successfully,965.97
752,2026-02-15 04:32:47,INFO,Payment,None,Request completed successfully,100.45
753,2026-07-23 09:29:56,INFO,Database,None,Request completed successfully,1351.16
754,2026-07-25 16:52:51,INFO,Authentication,None,Request completed successfully,424.7
755,2026-07-14 11:03:36,INFO,API,None,Request completed successfully,68.26
756,2026-05-03 15:33:01,WARNING,Database,ConnectionError,Connection to service failed,1365.42
757,2026-04-05 06:45:02,WARNING,Authentication,ConnectionError,Connection to service failed,714.33
758,2026-07-10 03:03:20,ERROR,Payment,ConnectionError,Connection to service failed,481.95
759,2026-08-24 06:38:29,INFO,Database,None,Request completed successfully,435.7
760,2026-01-16 18:29:01,INFO,Authentication,None,Request completed successfully,640.7
761,2026-01-24 10:29:55,ERROR,Database,ConnectionError,Connection to service failed,1178.01
762,2026-03-20 17:40:30,INFO,Authentication,None,Request completed successfully,457.14
763,2026-02-11 07:31:38,INFO,API,None,Request completed successfully,830.71
764,2026-03-18 04:04:52,INFO,Authentication,None,Request completed successfully,26.72
765,2026-08-18 11:38:16,WARNING,Storage,None,Request completed successfully,1172.39
766,2026-03-22 04:52:36,CRITICAL,API,ConnectionError,Connection to service failed,1007.93
767,2026-08-23 15:52:04,WARNING,Payment,TimeoutError,Request timed out,482.64
768,2026-07-12 12:51:50,WARNING,Search,None,Request completed successfully,1172.82
769,2026-03-17 04:11:13,WARNING,Database,ConnectionError,Connection to service failed,322.46
770,2026-06-14 00:26:29,ERROR,Database,NullPointerError,Null object encountered,295.16
771,2026-01-28 15:55:05,INFO,Search,None,Request completed successfully,1056.42
772,2026-07-28 05:54:37,INFO,Payment,None,Request completed successfully,397.98
773,2026-03-02 23:49:59,INFO,Storage,None,Request completed successfully,1212.35
774,2026-02-17 18:51:16,INFO,Payment,None,Request completed successfully,1445.33
775,2026-07-09 09:48:04,WARNING,Authentication,TimeoutError,Request timed out,1295.85
776,2026-02-28 03:46:16,WARNING,Storage,None,Request completed successfully,1135.06
777,2026-05-10 12:01:39,WARNING,Search,None,Request completed successfully,810.96
778,2026-08-19 18:28:07,WARNING,Database,TimeoutError,Request timed out,119.13
779,2026-07-28 04:00:55,WARNING,Payment,ConnectionError,Connection to service failed,1494.63
780,2026-05-08 04:52:03,INFO,Database,None,Request completed successfully,375.18
781,2026-08-09 22:54:20,ERROR,Search,ConnectionError,Connection to service failed,1318.44
782,2026-02-28 01:21:58,WARNING,Payment,None,Request completed successfully,873.67
783,2026-08-17 05:49:14,INFO,Authentication,None,Request completed successfully,151.82
784,2026-06-07 07:27:50,ERROR,Payment,ConnectionError,Connection to service failed,160.72
785,2026-06-18 00:50:01,INFO,Database,None,Request completed successfully,776.02
786,2026-01-05 10:20:53,WARNING,Payment,None,Request completed successfully,1029.58
787,2026-02-15 14:15:48,WARNING,Database,None,Request completed successfully,1231.99
788,2026-03-04 06:24:24,INFO,API,None,Request completed successfully,91.69
789,2026-07-14 20:44:50,ERROR,Storage,MemoryError,Memory usage exceeded threshold,269.68
790,2026-03-23 04:40:39,INFO,API,None,Request completed successfully,491.6
791,2026-06-20 10:57:13,WARNING,Authentication,None,Request completed successfully,831.2
792,2026-07-02 17:56:19,INFO,Payment,None,Request completed successfully,1405.49
793,2026-07-14 20:00:18,WARNING,Search,TimeoutError,Request timed out,156.3
794,2026-01-06 15:52:57,INFO,Search,None,Request completed successfully,446.26
795,2026-05-07 05:21:31,INFO,API,None,Request completed successfully,241.56
796,2026-03-24 23:44:53,INFO,Authentication,None,Request completed successfully,506.07
797,2026-03-05 06:52:04,INFO,Authentication,None,Request completed successfully,447.26
798,2026-03-26 19:46:19,INFO,Authentication,None,Request completed successfully,475.15
799,2026-01-03 15:02:46,ERROR,Database,MemoryError,Memory usage exceeded threshold,657.48
800,2026-04-07 05:41:13,WARNING,Search,None,Request completed successfully,1461.01
801,2026-01-28 02:23:22,INFO,API,None,Request completed successfully,187.92
802,2026-03-27 16:12:58,INFO,Authentication,None,Request completed successfully,858.86
803,2026-05-16 02:31:18,ERROR,Payment,ConnectionError,Connection to service failed,254.68
804,2026-05-01 07:39:13,INFO,Database,None,Request completed successfully,861.49
805,2026-01-04 02:54:56,INFO,Database,None,Request completed successfully,1364.25
806,2026-06-23 01:15:20,INFO,Search,None,Request completed successfully,100.68
807,2026-08-17 11:08:10,INFO,API,None,Request completed successfully,570.15
808,2026-01-23 20:49:22,CRITICAL,Search,ConnectionError,Connection to service failed,1229.81
809,2026-05-25 23:10:17,ERROR,Payment,FileNotFoundError,Required file was not found,1315.02
810,2026-05-26 00:18:02,WARNING,Database,ConnectionError,Connection to service failed,1277.49
811,2026-07-13 17:04:06,INFO,API,None,Request completed successfully,852.33
812,2026-08-04 22:45:33,ERROR,Storage,TimeoutError,Request timed out,451.95
813,2026-05-22 05:52:24,INFO,Authentication,None,Request completed successfully,1356.19
814,2026-05-18 23:13:53,INFO,API,None,Request completed successfully,1280.48
815,2026-07-18 09:18:09,WARNING,Payment,None,Request completed successfully,1131.91
816,2026-07-26 16:04:31,WARNING,Database,TimeoutError,Request timed out,638.39
817,2026-07-24 11:05:08,INFO,Authentication,None,Request completed successfully,1042.86
818,2026-07-01 10:30:17,ERROR,Authentication,ConnectionError,Connection to service failed,185.03
819,2026-05-04 22:36:51,WARNING,Storage,TimeoutError,Request timed out,968.65
820,2026-02-09 11:48:56,INFO,Authentication,None,Request completed successfully,714.86
821,2026-06-07 16:54:35,INFO,Database,None,Request completed successfully,1156.24
822,2026-02-09 18:25:25,INFO,API,None,Request completed successfully,218.55
823,2026-05-15 12:34:11,WARNING,API,ConnectionError,Connection to service failed,1456.35
824,2026-07-11 14:40:42,ERROR,Storage,PermissionError,Permission denied,290.7
825,2026-02-17 09:35:34,INFO,Search,None,Request completed successfully,886.03
826,2026-02-20 01:13:25,WARNING,Database,ConnectionError,Connection to service failed,687.27
827,2026-07-28 02:54:54,ERROR,Database,FileNotFoundError,Required file was not found,1481.28
828,2026-05-01 11:10:10,WARNING,Storage,TimeoutError,Request timed out,902.46
829,2026-08-17 04:27:32,INFO,Payment,None,Request completed successfully,878.73
830,2026-05-08 07:59:49,INFO,Search,None,Request completed successfully,280.25
831,2026-08-07 00:00:46,WARNING,Storage,ConnectionError,Connection to service failed,696.6
832,2026-06-05 04:52:23,WARNING,API,TimeoutError,Request timed out,332.61
833,2026-06-01 07:24:39,INFO,Payment,None,Request completed successfully,1445.51
834,2026-03-09 14:32:47,INFO,Authentication,None,Request completed successfully,479.28
835,2026-03-08 16:39:00,ERROR,API,MemoryError,Memory usage exceeded threshold,1148.3
836,2026-06-07 15:51:59,INFO,Authentication,None,Request completed successfully,1008.67
837,2026-01-04 18:44:09,INFO,Database,None,Request completed successfully,43.2
838,2026-08-14 16:19:25,ERROR,API,ConnectionError,Connection to service failed,1134.9
839,2026-02-05 03:35:52,ERROR,Search,PermissionError,Permission denied,227.09
840,2026-05-19 04:22:12,INFO,Authentication,None,Request completed successfully,833.01
841,2026-03-20 23:32:55,WARNING,Storage,TimeoutError,Request timed out,1349.52
842,2026-07-04 00:22:20,INFO,API,None,Request completed successfully,392.72
843,2026-06-21 09:53:26,ERROR,Storage,ConnectionError,Connection to service failed,29.62
844,2026-01-04 12:28:19,WARNING,Storage,None,Request completed successfully,1415.62
845,2026-02-09 03:43:56,INFO,Authentication,None,Request completed successfully,930.96
846,2026-03-10 21:48:08,INFO,Payment,None,Request completed successfully,108.0
847,2026-07-27 13:05:31,INFO,Authentication,None,Request completed successfully,254.49
848,2026-01-07 13:22:25,INFO,Authentication,None,Request completed successfully,973.54
849,2026-07-12 21:45:41,INFO,Payment,None,Request completed successfully,1259.21
850,2026-03-15 16:14:25,CRITICAL,Payment,PermissionError,Permission denied,510.75
851,2026-04-16 21:40:50,INFO,Payment,None,Request completed successfully,735.68
852,2026-05-07 04:35:13,ERROR,Search,ConnectionError,Connection to service failed,1453.37
853,2026-07-13 12:37:50,INFO,Storage,None,Request completed successfully,736.65
854,2026-07-24 11:41:54,WARNING,Storage,TimeoutError,Request timed out,1281.15
855,2026-08-15 16:02:59,INFO,Payment,None,Request completed successfully,1092.47
856,2026-08-27 10:43:59,INFO,Storage,None,Request completed successfully,641.76
857,2026-07-14 15:20:32,INFO,Payment,None,Request completed successfully,917.61
858,2026-04-12 16:54:50,INFO,Database,None,Request completed successfully,631.86
859,2026-07-01 13:20:04,INFO,Storage,None,Request completed successfully,1209.97
860,2026-04-04 14:41:52,INFO,API,None,Request completed successfully,471.64
861,2026-06-11 20:26:14,INFO,API,None,Request completed successfully,732.07
862,2026-04-04 19:09:04,WARNING,API,TimeoutError,Request timed out,330.23
863,2026-04-19 07:35:20,INFO,API,None,Request completed successfully,699.35
864,2026-01-05 04:46:22,ERROR,Authentication,NullPointerError,Null object encountered,490.87
865,2026-01-03 09:00:30,INFO,Database,None,Request completed successfully,1113.92
866,2026-04-01 06:18:43,ERROR,API,ConnectionError,Connection to service failed,736.79
867,2026-08-16 14:53:48,INFO,Storage,None,Request completed successfully,475.95
868,2026-03-07 12:16:17,CRITICAL,Storage,MemoryError,Memory usage exceeded threshold,343.77
869,2026-02-06 14:22:30,ERROR,Payment,FileNotFoundError,Required file was not found,1323.08
870,2026-06-11 23:17:52,ERROR,API,TimeoutError,Request timed out,1451.17
871,2026-03-09 22:20:17,INFO,Search,None,Request completed successfully,86.21
872,2026-02-06 15:39:17,ERROR,Storage,ConnectionError,Connection to service failed,1429.05
873,2026-07-15 01:42:11,INFO,Database,None,Request completed successfully,55.81
874,2026-02-09 08:30:11,INFO,Storage,None,Request completed successfully,1134.5
875,2026-01-15 15:40:09,INFO,API,None,Request completed successfully,876.61
876,2026-01-28 16:39:23,ERROR,Database,FileNotFoundError,Required file was not found,964.15
877,2026-01-26 21:00:57,INFO,Authentication,None,Request completed successfully,1180.12
878,2026-06-17 02:21:17,INFO,Storage,None,Request completed successfully,656.03
879,2026-01-11 03:40:09,INFO,Search,None,Request completed successfully,622.68
880,2026-07-02 17:15:06,INFO,Storage,None,Request completed successfully,568.14
881,2026-02-08 22:42:08,WARNING,Search,TimeoutError,Request timed out,970.73
882,2026-05-20 00:20:02,INFO,API,None,Request completed successfully,67.9
883,2026-04-22 19:25:08,INFO,Payment,None,Request completed successfully,574.13
884,2026-08-11 03:20:56,INFO,Authentication,None,Request completed successfully,193.1
885,2026-06-16 19:00:03,INFO,Authentication,None,Request completed successfully,872.62
886,2026-02-27 06:40:04,INFO,Payment,None,Request completed successfully,915.99
887,2026-01-16 23:13:24,INFO,Database,None,Request completed successfully,1142.94
888,2026-03-12 14:52:39,WARNING,Search,ConnectionError,Connection to service failed,1499.22
889,2026-06-19 17:14:40,ERROR,API,TimeoutError,Request timed out,147.11
890,2026-05-08 03:05:53,INFO,Search,None,Request completed successfully,785.72
891,2026-04-11 17:25:27,WARNING,API,ConnectionError,Connection to service failed,984.49
892,2026-02-15 11:18:10,INFO,API,None,Request completed successfully,811.51
893,2026-06-04 09:59:48,INFO,Payment,None,Request completed successfully,1142.98
894,2026-01-05 03:05:05,INFO,Storage,None,Request completed successfully,1143.33
895,2026-04-04 19:19:47,INFO,API,None,Request completed successfully,1403.95
896,2026-05-08 07:44:33,ERROR,Database,FileNotFoundError,Required file was not found,1043.79
897,2026-02-04 13:05:55,WARNING,Authentication,None,Request completed successfully,1287.91
898,2026-07-21 21:24:58,WARNING,Storage,ConnectionError,Connection to service failed,505.95
899,2026-06-23 12:03:45,WARNING,Storage,None,Request completed successfully,1240.78
900,2026-04-15 01:26:55,INFO,Storage,None,Request completed successfully,853.11
901,2026-01-03 17:18:53,INFO,API,None,Request completed successfully,363.97
902,2026-04-11 01:25:01,INFO,Payment,None,Request completed successfully,628.86
903,2026-05-20 18:53:27,ERROR,Storage,MemoryError,Memory usage exceeded threshold,536.14
904,2026-05-26 09:45:09,INFO,Search,None,Request completed successfully,1240.95
905,2026-06-03 02:24:46,INFO,API,None,Request completed successfully,718.54
906,2026-08-11 02:58:58,WARNING,Payment,ConnectionError,Connection to service failed,1375.38
907,2026-02-15 11:58:38,INFO,API,None,Request completed successfully,1215.53
908,2026-06-06 14:20:28,INFO,Database,None,Request completed successfully,1396.82
909,2026-06-16 15:10:54,INFO,Database,None,Request completed successfully,947.56
910,2026-08-16 08:11:39,INFO,Search,None,Request completed successfully,1209.88
911,2026-01-08 09:11:29,INFO,Payment,None,Request completed successfully,468.44
912,2026-05-19 14:54:21,WARNING,Authentication,None,Request completed successfully,544.04
913,2026-07-11 15:02:55,WARNING,Database,None,Request completed successfully,145.06
914,2026-01-06 02:36:29,ERROR,API,PermissionError,Permission denied,1295.03
915,2026-07-23 02:28:24,INFO,Authentication,None,Request completed successfully,1254.58
916,2026-05-28 23:19:09,INFO,Search,None,Request completed successfully,1335.81
917,2026-07-13 05:23:59,WARNING,Payment,ConnectionError,Connection to service failed,546.81
918,2026-03-25 23:46:48,INFO,Payment,None,Request completed successfully,103.98
919,2026-06-11 17:39:30,INFO,Authentication,None,Request completed successfully,265.92
920,2026-04-24 08:03:30,INFO,Authentication,None,Request completed successfully,912.17
921,2026-03-14 10:50:34,INFO,API,None,Request completed successfully,1051.12
922,2026-02-02 07:04:06,INFO,Database,None,Request completed successfully,445.8
923,2026-07-07 16:41:03,INFO,Authentication,None,Request completed successfully,1126.0
924,2026-06-05 21:11:05,WARNING,Payment,TimeoutError,Request timed out,189.84
925,2026-02-18 04:51:26,INFO,Database,None,Request completed successfully,1259.75
926,2026-06-15 22:01:37,INFO,Authentication,None,Request completed successfully,1329.7
927,2026-04-05 03:03:18,INFO,API,None,Request completed successfully,557.44
928,2026-08-17 06:36:08,INFO,Search,None,Request completed successfully,414.88
929,2026-07-16 10:40:48,INFO,API,None,Request completed successfully,687.63
930,2026-05-02 17:16:40,INFO,API,None,Request completed successfully,483.69
931,2026-04-12 21:08:26,ERROR,Database,NullPointerError,Null object encountered,476.12
932,2026-03-20 11:43:20,INFO,Payment,None,Request completed successfully,168.59
933,2026-08-25 03:07:19,INFO,Authentication,None,Request completed successfully,859.17
934,2026-06-10 00:33:36,ERROR,Payment,MemoryError,Memory usage exceeded threshold,1114.69
935,2026-02-19 23:39:54,INFO,Storage,None,Request completed successfully,1143.25
936,2026-01-01 22:00:33,INFO,API,None,Request completed successfully,216.76
937,2026-01-05 18:05:29,INFO,API,None,Request completed successfully,349.22
938,2026-03-18 09:00:45,ERROR,Authentication,NullPointerError,Null object encountered,719.93
939,2026-05-09 12:16:48,INFO,Payment,None,Request completed successfully,574.07
940,2026-02-12 14:30:51,INFO,Search,None,Request completed successfully,1393.43
941,2026-07-17 20:18:30,INFO,Search,None,Request completed successfully,1128.03
942,2026-01-22 06:10:50,INFO,Payment,None,Request completed successfully,1227.75
943,2026-08-23 15:28:47,INFO,Storage,None,Request completed successfully,498.09
944,2026-04-27 05:15:03,ERROR,Database,ConnectionError,Connection to service failed,530.02
945,2026-06-07 02:18:26,WARNING,API,TimeoutError,Request timed out,233.2
946,2026-02-01 11:33:53,ERROR,Payment,FileNotFoundError,Required file was not found,1288.31
947,2026-06-11 13:24:31,INFO,Database,None,Request completed successfully,429.48
948,2026-06-08 21:41:35,WARNING,Payment,None,Request completed successfully,183.66
949,2026-06-08 19:58:52,INFO,Payment,None,Request completed successfully,541.31
950,2026-03-16 10:54:10,WARNING,Database,TimeoutError,Request timed out,1240.47
951,2026-04-09 22:20:01,ERROR,Database,MemoryError,Memory usage exceeded threshold,660.87
952,2026-07-24 05:40:56,INFO,Database,None,Request completed successfully,913.59
953,2026-07-10 16:55:09,INFO,Authentication,None,Request completed successfully,410.14
954,2026-06-12 22:45:12,INFO,Database,None,Request completed successfully,1127.98
955,2026-06-21 08:57:22,ERROR,Authentication,TimeoutError,Request timed out,336.58
956,2026-07-09 05:52:19,INFO,Authentication,None,Request completed successfully,892.86
957,2026-03-09 08:56:40,ERROR,Database,ConnectionError,Connection to service failed,1386.37
958,2026-04-28 20:58:19,INFO,Authentication,None,Request completed successfully,1439.77
959,2026-08-16 16:52:49,WARNING,API,None,Request completed successfully,1231.3
960,2026-07-16 22:48:40,INFO,API,None,Request completed successfully,855.07
961,2026-04-12 06:24:47,ERROR,API,MemoryError,Memory usage exceeded threshold,1059.02
962,2026-07-20 19:25:43,INFO,Payment,None,Request completed successfully,419.51
963,2026-02-07 21:35:37,INFO,Storage,None,Request completed successfully,561.54
964,2026-08-18 17:30:06,INFO,Authentication,None,Request completed successfully,498.19
965,2026-01-17 20:06:35,INFO,Storage,None,Request completed successfully,960.23
966,2026-03-13 05:24:39,INFO,Search,None,Request completed successfully,719.7
967,2026-01-23 11:42:33,INFO,Storage,None,Request completed successfully,466.95
968,2026-08-22 23:53:35,INFO,Database,None,Request completed successfully,916.1
969,2026-04-09 07:28:38,INFO,Payment,None,Request completed successfully,140.77
970,2026-02-17 15:18:42,INFO,Database,None,Request completed successfully,1473.14
971,2026-01-27 19:30:50,INFO,API,None,Request completed successfully,220.4
972,2026-08-21 02:29:26,INFO,Database,None,Request completed successfully,174.9
973,2026-06-17 06:41:12,WARNING,Authentication,ConnectionError,Connection to service failed,429.83
974,2026-03-15 02:40:45,INFO,Search,None,Request completed successfully,451.79
975,2026-02-03 07:49:00,INFO,Search,None,Request completed successfully,39.28
976,2026-06-13 18:47:44,ERROR,Database,MemoryError,Memory usage exceeded threshold,469.68
977,2026-03-17 10:51:21,INFO,Search,None,Request completed successfully,980.91
978,2026-03-26 02:15:02,INFO,Database,None,Request completed successfully,722.3
979,2026-02-21 21:54:16,INFO,API,None,Request completed successfully,741.11
980,2026-01-20 22:08:41,INFO,Authentication,None,Request completed successfully,224.59
981,2026-03-04 06:41:33,WARNING,Storage,TimeoutError,Request timed out,1363.28
982,2026-04-25 11:58:12,WARNING,Database,ConnectionError,Connection to service failed,1362.51
983,2026-02-14 21:34:02,WARNING,Database,TimeoutError,Request timed out,419.92
984,2026-03-12 12:37:47,ERROR,API,TimeoutError,Request timed out,189.41
985,2026-06-27 15:38:33,INFO,Payment,None,Request completed successfully,1312.95
986,2026-02-08 13:20:39,WARNING,Search,None,Request completed successfully,434.83
987,2026-02-03 20:51:20,INFO,Authentication,None,Request completed successfully,1322.43
988,2026-01-06 11:30:07,WARNING,Database,TimeoutError,Request timed out,1170.35
989,2026-04-06 23:04:04,INFO,Authentication,None,Request completed successfully,61.85
990,2026-08-08 00:59:42,INFO,API,None,Request completed successfully,410.19
991,2026-08-25 16:20:46,WARNING,API,None,Request completed successfully,1008.9
992,2026-08-16 08:15:18,INFO,Database,None,Request completed successfully,350.29
993,2026-02-25 20:45:32,INFO,Payment,None,Request completed successfully,376.29
994,2026-03-05 14:13:43,INFO,Authentication,None,Request completed successfully,448.41
995,2026-07-22 02:43:44,INFO,API,None,Request completed successfully,969.4
996,2026-03-25 18:14:42,INFO,Payment,None,Request completed successfully,1162.68
997,2026-04-12 05:09:00,WARNING,Search,None,Request completed successfully,322.76
998,2026-05-06 02:00:26,INFO,Search,None,Request completed successfully,239.47
999,2026-01-21 16:14:37,WARNING,Payment,TimeoutError,Request timed out,582.88
1000,2026-04-09 01:49:45,INFO,API,None,Request completed successfully,365.61
1001,2026-01-21 22:41:25,ERROR,Authentication,ConnectionError,Connection to service failed,1157.17
1002,2026-02-07 05:27:49,INFO,Payment,None,Request completed successfully,1362.93
1003,2026-03-13 16:29:49,INFO,Search,None,Request completed successfully,78.63
1004,2026-02-22 20:21:09,INFO,Search,None,Request completed successfully,124.28
1005,2026-05-15 12:41:14,INFO,Search,None,Request completed successfully,768.72
1006,2026-07-18 11:39:49,WARNING,Storage,ConnectionError,Connection to service failed,27.0
1007,2026-06-21 03:18:04,INFO,Search,None,Request completed successfully,1355.44
1008,2026-05-27 01:10:08,INFO,Storage,None,Request completed successfully,504.86
1009,2026-05-28 01:46:06,CRITICAL,API,MemoryError,Memory usage exceeded threshold,1365.81
1010,2026-04-18 03:27:27,INFO,Authentication,None,Request completed successfully,1125.82
1011,2026-04-26 07:48:32,ERROR,Authentication,TimeoutError,Request timed out,679.44
1012,2026-06-28 05:22:29,INFO,Payment,None,Request completed successfully,1338.77
1013,2026-06-13 04:38:18,INFO,API,None,Request completed successfully,989.62
1014,2026-08-02 21:27:12,INFO,Authentication,None,Request completed successfully,891.11
1015,2026-07-24 11:59:27,INFO,Authentication,None,Request completed successfully,400.36
1016,2026-01-06 01:51:59,INFO,Storage,None,Request completed successfully,73.27
1017,2026-01-05 22:46:24,WARNING,Storage,TimeoutError,Request timed out,1228.41
1018,2026-04-01 15:20:51,INFO,Payment,None,Request completed successfully,304.21
1019,2026-07-13 15:52:05,CRITICAL,Payment,PermissionError,Permission denied,1409.12
1020,2026-08-12 10:14:55,INFO,API,None,Request completed successfully,1498.1
1021,2026-02-23 03:03:42,INFO,Database,None,Request completed successfully,1477.99
1022,2026-08-15 19:20:20,INFO,Storage,None,Request completed successfully,511.14
1023,2026-08-28 21:23:33,WARNING,Authentication,TimeoutError,Request timed out,188.26
1024,2026-05-21 10:17:28,INFO,Payment,None,Request completed successfully,84.23
1025,2026-05-04 17:42:10,INFO,Authentication,None,Request completed successfully,1261.83
1026,2026-01-07 08:21:22,INFO,Storage,None,Request completed successfully,757.31
1027,2026-03-17 17:26:31,WARNING,Authentication,None,Request completed successfully,1182.42
1028,2026-02-23 18:09:54,ERROR,Storage,NullPointerError,Null object encountered,619.52
1029,2026-01-03 00:55:09,INFO,Payment,None,Request completed successfully,843.01
1030,2026-05-25 08:42:41,INFO,Payment,None,Request completed successfully,841.87
1031,2026-05-26 10:00:42,INFO,Storage,None,Request completed successfully,71.93
1032,2026-05-23 10:20:37,INFO,Authentication,None,Request completed successfully,1174.77
1033,2026-02-13 16:44:27,ERROR,Search,NullPointerError,Null object encountered,493.92
1034,2026-07-20 16:37:18,INFO,Payment,None,Request completed successfully,273.57
1035,2026-01-15 20:06:12,INFO,Database,None,Request completed successfully,686.96
1036,2026-08-27 19:53:59,CRITICAL,Authentication,PermissionError,Permission denied,1472.39
1037,2026-07-15 21:51:47,INFO,Storage,None,Request completed successfully,145.09
1038,2026-08-25 12:38:58,INFO,Storage,None,Request completed successfully,1090.94
1039,2026-03-23 03:23:32,WARNING,Database,ConnectionError,Connection to service failed,459.06
1040,2026-04-06 20:49:00,WARNING,Payment,TimeoutError,Request timed out,1479.54
1041,2026-04-06 22:41:24,INFO,Search,None,Request completed successfully,777.17
1042,2026-01-11 09:12:04,WARNING,Payment,None,Request completed successfully,741.97
1043,2026-05-27 00:42:15,INFO,API,None,Request completed successfully,1434.14
1044,2026-05-17 01:56:46,ERROR,API,NullPointerError,Null object encountered,34.53
1045,2026-04-19 10:15:43,INFO,Storage,None,Request completed successfully,453.8
1046,2026-04-19 13:03:39,INFO,Search,None,Request completed successfully,1079.14
1047,2026-04-11 03:15:08,INFO,Payment,None,Request completed successfully,1168.74
1048,2026-06-01 18:42:24,INFO,Storage,None,Request completed successfully,554.69
1049,2026-07-18 00:16:18,CRITICAL,Search,MemoryError,Memory usage exceeded threshold,751.01
1050,2026-02-14 10:21:03,INFO,API,None,Request completed successfully,554.58
1051,2026-05-05 23:54:47,WARNING,Search,TimeoutError,Request timed out,543.21
1052,2026-01-12 10:09:53,INFO,Storage,None,Request completed successfully,404.46
1053,2026-04-05 20:38:33,INFO,API,None,Request completed successfully,195.18
1054,2026-08-19 21:14:00,ERROR,Storage,TimeoutError,Request timed out,353.45
1055,2026-04-08 01:09:02,INFO,Payment,None,Request completed successfully,1382.15
1056,2026-03-08 12:16:33,INFO,Authentication,None,Request completed successfully,729.26
1057,2026-01-25 08:03:19,INFO,Authentication,None,Request completed successfully,120.73
1058,2026-03-05 16:01:41,INFO,Database,None,Request completed successfully,530.92
1059,2026-02-07 15:32:44,INFO,Search,None,Request completed successfully,1201.91
1060,2026-08-03 15:40:35,ERROR,API,ConnectionError,Connection to service failed,1282.25
1061,2026-02-14 23:27:30,INFO,Database,None,Request completed successfully,862.18
1062,2026-05-21 02:04:07,INFO,API,None,Request completed successfully,508.42
1063,2026-07-12 05:12:26,INFO,API,None,Request completed successfully,1386.4
1064,2026-05-02 00:03:16,INFO,API,None,Request completed successfully,1239.16
1065,2026-07-04 22:00:05,INFO,Search,None,Request completed successfully,150.49
1066,2026-08-11 13:42:27,INFO,Database,None,Request completed successfully,1110.28
1067,2026-08-27 01:22:44,WARNING,API,ConnectionError,Connection to service failed,1165.98
1068,2026-05-08 23:24:06,WARNING,Search,None,Request completed successfully,750.9
1069,2026-05-21 05:48:55,INFO,Database,None,Request completed successfully,1077.31
1070,2026-06-07 17:15:48,INFO,API,None,Request completed successfully,63.63
1071,2026-06-20 11:56:37,INFO,Payment,None,Request completed successfully,1126.38
1072,2026-03-19 12:19:36,INFO,Database,None,Request completed successfully,571.14
1073,2026-03-28 00:23:59,ERROR,API,PermissionError,Permission denied,680.64
1074,2026-08-23 18:41:32,INFO,API,None,Request completed successfully,1291.64
1075,2026-03-01 01:51:02,INFO,Payment,None,Request completed successfully,343.77
1076,2026-06-18 21:56:03,INFO,Storage,None,Request completed successfully,1397.38
1077,2026-07-09 13:38:48,INFO,Storage,None,Request completed successfully,1407.04
1078,2026-07-24 14:13:30,INFO,Payment,None,Request completed successfully,564.79
1079,2026-08-15 10:39:08,INFO,Storage,None,Request completed successfully,84.58
1080,2026-06-10 04:53:01,INFO,Authentication,None,Request completed successfully,745.68
1081,2026-01-28 00:37:12,ERROR,Payment,TimeoutError,Request timed out,858.06
1082,2026-07-07 13:24:40,INFO,Storage,None,Request completed successfully,1170.72
1083,2026-04-06 22:24:21,WARNING,Search,None,Request completed successfully,985.86
1084,2026-07-06 03:41:27,WARNING,Storage,None,Request completed successfully,1361.71
1085,2026-08-16 12:48:36,INFO,Payment,None,Request completed successfully,975.03
1086,2026-05-19 13:54:40,ERROR,Storage,TimeoutError,Request timed out,80.86
1087,2026-01-15 00:44:17,INFO,Authentication,None,Request completed successfully,754.79
1088,2026-01-21 07:45:46,INFO,Search,None,Request completed successfully,977.1
1089,2026-02-02 11:01:22,WARNING,Authentication,ConnectionError,Connection to service failed,1274.24
1090,2026-03-19 15:19:06,INFO,API,None,Request completed successfully,301.59
1091,2026-08-22 11:04:31,INFO,Search,None,Request completed successfully,1192.55
1092,2026-06-22 22:33:05,INFO,Payment,None,Request completed successfully,1488.48
1093,2026-05-09 02:51:42,INFO,Authentication,None,Request completed successfully,1118.0
1094,2026-08-21 13:12:33,INFO,API,None,Request completed successfully,285.66
1095,2026-06-16 01:46:23,WARNING,Authentication,ConnectionError,Connection to service failed,344.1
1096,2026-03-27 13:00:42,INFO,Database,None,Request completed successfully,845.91
1097,2026-02-17 17:29:01,INFO,Authentication,None,Request completed successfully,181.38
1098,2026-03-08 03:05:15,WARNING,Authentication,TimeoutError,Request timed out,1143.57
1099,2026-05-26 11:28:44,INFO,Authentication,None,Request completed successfully,1082.11
1100,2026-08-06 03:01:01,WARNING,Search,TimeoutError,Request timed out,239.97
1101,2026-06-04 09:53:13,INFO,Authentication,None,Request completed successfully,639.14
1102,2026-07-10 07:41:56,WARNING,Storage,ConnectionError,Connection to service failed,1141.92
1103,2026-03-16 22:26:18,ERROR,Authentication,NullPointerError,Null object encountered,551.6
1104,2026-06-19 15:45:00,INFO,Search,None,Request completed successfully,68.7
1105,2026-03-15 12:27:24,INFO,Storage,None,Request completed successfully,337.69
1106,2026-03-10 18:07:52,INFO,API,None,Request completed successfully,832.32
1107,2026-07-22 06:48:35,INFO,Storage,None,Request completed successfully,554.46
1108,2026-04-19 21:02:41,WARNING,Search,ConnectionError,Connection to service failed,134.87
1109,2026-06-21 01:07:47,INFO,Search,None,Request completed successfully,138.04
1110,2026-03-13 16:26:18,ERROR,Search,PermissionError,Permission denied,993.03
1111,2026-01-06 20:16:26,INFO,Database,None,Request completed successfully,654.58
1112,2026-04-04 18:50:28,INFO,Payment,None,Request completed successfully,1110.0
1113,2026-07-10 00:35:05,INFO,Storage,None,Request completed successfully,1158.69
1114,2026-07-23 17:51:25,INFO,Payment,None,Request completed successfully,189.81
1115,2026-02-10 18:37:08,INFO,API,None,Request completed successfully,404.51
1116,2026-06-18 14:12:08,INFO,Storage,None,Request completed successfully,547.04
1117,2026-01-28 12:05:18,INFO,Storage,None,Request completed successfully,1401.82
1118,2026-05-15 12:01:22,CRITICAL,Storage,PermissionError,Permission denied,335.45
1119,2026-07-09 17:47:50,ERROR,Storage,MemoryError,Memory usage exceeded threshold,209.63
1120,2026-07-05 20:04:16,ERROR,Authentication,NullPointerError,Null object encountered,316.22
1121,2026-06-13 02:41:55,INFO,Payment,None,Request completed successfully,907.85
1122,2026-02-25 06:43:53,INFO,API,None,Request completed successfully,742.56
1123,2026-02-12 14:19:37,ERROR,Search,FileNotFoundError,Required file was not found,282.54
1124,2026-02-18 01:35:56,ERROR,Authentication,FileNotFoundError,Required file was not found,147.45
1125,2026-06-11 00:54:08,INFO,Payment,None,Request completed successfully,60.74
1126,2026-01-24 07:58:34,INFO,Database,None,Request completed successfully,1000.97
1127,2026-06-27 23:55:38,WARNING,API,None,Request completed successfully,840.26
1128,2026-08-26 21:27:31,ERROR,Database,ConnectionError,Connection to service failed,499.47
1129,2026-07-20 13:17:44,INFO,Payment,None,Request completed successfully,909.05
1130,2026-04-15 04:40:16,ERROR,API,ConnectionError,Connection to service failed,1377.4
1131,2026-05-27 10:30:25,INFO,API,None,Request completed successfully,91.03
1132,2026-05-01 12:06:18,INFO,Storage,None,Request completed successfully,623.08
1133,2026-02-25 23:11:56,CRITICAL,Payment,PermissionError,Permission denied,328.46
1134,2026-08-18 07:18:35,ERROR,Authentication,FileNotFoundError,Required file was not found,143.01
1135,2026-05-14 18:13:06,INFO,Payment,None,Request completed successfully,1356.31
1136,2026-08-22 07:57:12,ERROR,Authentication,PermissionError,Permission denied,494.94
1137,2026-06-21 05:08:36,INFO,Database,None,Request completed successfully,525.42
1138,2026-03-18 02:58:43,INFO,Search,None,Request completed successfully,1295.84
1139,2026-06-20 20:51:59,INFO,API,None,Request completed successfully,1010.31
1140,2026-04-10 06:33:09,INFO,Authentication,None,Request completed successfully,746.12
1141,2026-03-23 12:18:54,INFO,Database,None,Request completed successfully,866.73
1142,2026-05-11 05:46:50,INFO,API,None,Request completed successfully,1170.18
1143,2026-05-18 03:42:06,INFO,Storage,None,Request completed successfully,90.06
1144,2026-07-28 20:48:37,INFO,API,None,Request completed successfully,893.68
1145,2026-02-06 13:01:08,INFO,Authentication,None,Request completed successfully,301.09
1146,2026-04-17 19:45:48,ERROR,Search,ConnectionError,Connection to service failed,596.26
1147,2026-05-12 16:11:13,INFO,Storage,None,Request completed successfully,1376.05
1148,2026-02-21 22:08:37,INFO,Database,None,Request completed successfully,49.03
1149,2026-06-19 18:17:13,INFO,Authentication,None,Request completed successfully,748.42
1150,2026-01-16 20:06:37,CRITICAL,Storage,ConnectionError,Connection to service failed,1152.74
1151,2026-02-23 21:10:44,INFO,Database,None,Request completed successfully,477.52
1152,2026-06-11 04:36:44,INFO,Search,None,Request completed successfully,748.85
1153,2026-04-19 10:39:13,ERROR,Payment,PermissionError,Permission denied,1161.88
1154,2026-04-01 05:11:26,INFO,Payment,None,Request completed successfully,128.12
1155,2026-08-01 07:55:18,INFO,Payment,None,Request completed successfully,484.38
1156,2026-02-12 10:27:51,INFO,API,None,Request completed successfully,32.89
1157,2026-05-06 09:35:36,INFO,API,None,Request completed successfully,902.91
1158,2026-03-18 06:30:13,WARNING,Search,ConnectionError,Connection to service failed,596.62
1159,2026-03-20 00:25:43,WARNING,API,TimeoutError,Request timed out,574.37
1160,2026-06-13 15:37:15,INFO,Storage,None,Request completed successfully,1009.59
1161,2026-04-02 03:20:20,INFO,Database,None,Request completed successfully,713.3
1162,2026-03-17 10:52:25,WARNING,Authentication,TimeoutError,Request timed out,871.28
1163,2026-06-12 10:21:45,INFO,Payment,None,Request completed successfully,848.74
1164,2026-06-13 08:26:28,INFO,Authentication,None,Request completed successfully,353.86
1165,2026-07-13 14:24:29,WARNING,Payment,None,Request completed successfully,897.13
1166,2026-01-09 15:28:44,WARNING,API,None,Request completed successfully,201.85
1167,2026-01-17 08:38:21,INFO,Search,None,Request completed successfully,91.11
1168,2026-02-17 20:45:42,INFO,API,None,Request completed successfully,336.52
1169,2026-01-14 20:45:34,ERROR,Storage,MemoryError,Memory usage exceeded threshold,892.73
1170,2026-06-26 22:14:23,INFO,Storage,None,Request completed successfully,434.09
1171,2026-02-17 20:31:18,INFO,Database,None,Request completed successfully,907.51
1172,2026-04-06 06:36:35,INFO,Authentication,None,Request completed successfully,429.52
1173,2026-07-27 17:14:58,ERROR,Search,FileNotFoundError,Required file was not found,1345.43
1174,2026-05-02 10:06:58,ERROR,Storage,NullPointerError,Null object encountered,1319.1
1175,2026-06-21 19:02:05,ERROR,Payment,MemoryError,Memory usage exceeded threshold,701.13
1176,2026-04-16 01:32:58,INFO,Search,None,Request completed successfully,347.09
1177,2026-03-21 22:14:46,INFO,Payment,None,Request completed successfully,822.92
1178,2026-01-21 18:16:29,INFO,Storage,None,Request completed successfully,134.82
1179,2026-06-02 01:46:42,INFO,Database,None,Request completed successfully,121.4
1180,2026-06-02 16:43:57,INFO,Payment,None,Request completed successfully,300.99
1181,2026-05-05 07:37:53,WARNING,Search,ConnectionError,Connection to service failed,475.48
1182,2026-05-09 09:36:33,WARNING,API,ConnectionError,Connection to service failed,1439.13
1183,2026-07-23 05:42:58,INFO,Database,None,Request completed successfully,1288.45
1184,2026-04-22 10:21:13,ERROR,Database,FileNotFoundError,Required file was not found,1178.01
1185,2026-04-22 23:12:18,INFO,Database,None,Request completed successfully,711.08
1186,2026-07-22 07:11:30,INFO,API,None,Request completed successfully,1073.08
1187,2026-05-10 09:02:40,ERROR,Payment,PermissionError,Permission denied,132.05
1188,2026-01-27 01:05:34,INFO,Authentication,None,Request completed successfully,1472.04
1189,2026-07-27 05:00:54,ERROR,Database,ConnectionError,Connection to service failed,1148.82
1190,2026-07-23 14:47:36,INFO,API,None,Request completed successfully,164.36
1191,2026-01-21 00:34:32,INFO,Database,None,Request completed successfully,862.38
1192,2026-08-15 00:23:37,INFO,Database,None,Request completed successfully,987.5
1193,2026-07-08 23:05:16,INFO,Storage,None,Request completed successfully,823.84
1194,2026-07-16 04:49:11,WARNING,Search,None,Request completed successfully,892.93
1195,2026-08-25 23:26:37,INFO,Storage,None,Request completed successfully,753.24
1196,2026-05-15 21:17:17,INFO,Database,None,Request completed successfully,349.79
1197,2026-07-14 10:35:09,INFO,Authentication,None,Request completed successfully,384.92
1198,2026-01-22 21:09:11,WARNING,Storage,TimeoutError,Request timed out,435.6
1199,2026-08-11 03:59:51,WARNING,Database,TimeoutError,Request timed out,1081.79
1200,2026-08-03 17:14:30,INFO,Database,None,Request completed successfully,209.89
1201,2026-04-27 09:52:07,WARNING,Payment,TimeoutError,Request timed out,1087.37
1202,2026-06-15 16:32:47,ERROR,Storage,NullPointerError,Null object encountered,211.8
1203,2026-03-15 07:47:53,INFO,Storage,None,Request completed successfully,701.44
1204,2026-01-15 07:59:09,INFO,Authentication,None,Request completed successfully,179.56
1205,2026-06-28 09:38:21,ERROR,Search,NullPointerError,Null object encountered,814.82
1206,2026-04-19 01:20:42,INFO,Storage,None,Request completed successfully,682.79
1207,2026-04-18 07:48:47,INFO,Search,None,Request completed successfully,695.36
1208,2026-01-25 08:54:18,INFO,API,None,Request completed successfully,1416.92
1209,2026-04-18 22:30:41,INFO,Storage,None,Request completed successfully,1417.42
1210,2026-05-20 16:28:11,INFO,API,None,Request completed successfully,534.31
1211,2026-06-13 17:11:25,INFO,Payment,None,Request completed successfully,1247.13
1212,2026-01-28 23:15:47,WARNING,Search,None,Request completed successfully,991.28
1213,2026-02-27 01:33:19,INFO,Payment,None,Request completed successfully,274.36
1214,2026-06-24 15:18:48,INFO,API,None,Request completed successfully,1238.11
1215,2026-01-07 14:59:01,INFO,Database,None,Request completed successfully,624.3
1216,2026-06-12 06:24:52,INFO,Payment,None,Request completed successfully,1246.26
1217,2026-06-21 04:39:49,INFO,API,None,Request completed successfully,320.03
1218,2026-08-03 00:29:54,ERROR,Database,PermissionError,Permission denied,517.53
1219,2026-06-24 04:24:35,WARNING,Authentication,ConnectionError,Connection to service failed,1464.43
1220,2026-04-25 17:45:17,INFO,Payment,None,Request completed successfully,1461.69
1221,2026-06-12 04:54:28,INFO,Search,None,Request completed successfully,924.88
1222,2026-03-19 05:52:37,INFO,API,None,Request completed successfully,252.42
1223,2026-07-18 21:29:25,INFO,Payment,None,Request completed successfully,1144.85
1224,2026-01-19 09:26:43,CRITICAL,Storage,PermissionError,Permission denied,219.35
1225,2026-01-08 19:04:20,INFO,API,None,Request completed successfully,332.14
1226,2026-04-25 06:49:06,CRITICAL,Search,ConnectionError,Connection to service failed,1405.73
1227,2026-08-10 03:48:19,INFO,API,None,Request completed successfully,45.21
1228,2026-01-22 08:00:53,ERROR,Authentication,FileNotFoundError,Required file was not found,886.59
1229,2026-03-20 22:17:20,INFO,Authentication,None,Request completed successfully,246.18
1230,2026-05-18 10:43:50,INFO,Payment,None,Request completed successfully,926.74
1231,2026-02-03 21:46:02,ERROR,Database,MemoryError,Memory usage exceeded threshold,577.31
1232,2026-07-21 03:38:22,INFO,API,None,Request completed successfully,62.15
1233,2026-07-09 17:02:26,INFO,Authentication,None,Request completed successfully,1323.12
1234,2026-04-19 03:34:48,WARNING,Payment,TimeoutError,Request timed out,269.16
1235,2026-08-24 06:23:00,INFO,Search,None,Request completed successfully,1486.31
1236,2026-06-14 23:17:03,INFO,Authentication,None,Request completed successfully,1446.27
1237,2026-08-20 22:05:41,CRITICAL,API,MemoryError,Memory usage exceeded threshold,1488.95
1238,2026-07-14 16:23:49,INFO,API,None,Request completed successfully,212.79
1239,2026-06-10 23:12:00,INFO,Authentication,None,Request completed successfully,535.69
1240,2026-03-15 15:54:12,WARNING,API,None,Request completed successfully,755.49
1241,2026-04-03 22:47:41,ERROR,API,NullPointerError,Null object encountered,777.84
1242,2026-06-20 22:06:03,ERROR,Storage,TimeoutError,Request timed out,1125.45
1243,2026-05-01 03:38:17,ERROR,Storage,FileNotFoundError,Required file was not found,106.63
1244,2026-06-21 06:36:07,WARNING,Database,None,Request completed successfully,842.21
1245,2026-07-10 04:59:33,WARNING,API,TimeoutError,Request timed out,680.01
1246,2026-03-04 22:26:28,WARNING,Storage,ConnectionError,Connection to service failed,1062.09
1247,2026-01-10 10:49:32,INFO,Payment,None,Request completed successfully,1242.79
1248,2026-05-15 23:51:49,INFO,Database,None,Request completed successfully,631.97
1249,2026-03-01 22:11:20,INFO,Database,None,Request completed successfully,66.98
1250,2026-08-14 23:32:53,INFO,API,None,Request completed successfully,1150.02
1251,2026-01-05 04:52:40,INFO,Payment,None,Request completed successfully,1049.79
1252,2026-02-28 01:21:16,ERROR,API,MemoryError,Memory usage exceeded threshold,562.83
1253,2026-01-03 19:20:07,INFO,Database,None,Request completed successfully,1345.41
1254,2026-01-25 17:42:10,INFO,API,None,Request completed successfully,1205.67
1255,2026-04-19 20:17:21,INFO,Storage,None,Request completed successfully,67.33
1256,2026-02-22 15:47:49,INFO,Payment,None,Request completed successfully,75.23
1257,2026-08-09 01:48:34,WARNING,Storage,TimeoutError,Request timed out,1352.77
1258,2026-01-22 14:03:21,INFO,Database,None,Request completed successfully,1062.74
1259,2026-05-02 19:18:52,INFO,Storage,None,Request completed successfully,311.25
1260,2026-02-14 14:13:09,INFO,Storage,None,Request completed successfully,144.22
1261,2026-02-15 02:30:34,INFO,Storage,None,Request completed successfully,1212.35
1262,2026-04-02 08:45:00,INFO,API,None,Request completed successfully,1444.88
1263,2026-05-10 05:56:01,WARNING,API,None,Request completed successfully,845.79
1264,2026-03-14 02:36:59,WARNING,Storage,TimeoutError,Request timed out,560.73
1265,2026-08-15 17:56:36,WARNING,Payment,TimeoutError,Request timed out,605.12
1266,2026-01-14 17:07:24,INFO,Payment,None,Request completed successfully,952.28
1267,2026-06-26 02:38:02,WARNING,Database,TimeoutError,Request timed out,763.58
1268,2026-04-26 10:44:38,WARNING,Authentication,ConnectionError,Connection to service failed,1426.26
1269,2026-01-22 13:00:51,ERROR,Authentication,TimeoutError,Request timed out,1430.41
1270,2026-03-10 02:27:11,INFO,Payment,None,Request completed successfully,539.3
1271,2026-07-24 16:21:23,INFO,Database,None,Request completed successfully,1173.76
1272,2026-05-08 14:29:52,INFO,API,None,Request completed successfully,1021.96
1273,2026-06-24 05:57:27,ERROR,Search,FileNotFoundError,Required file was not found,727.32
1274,2026-08-27 07:37:54,CRITICAL,API,PermissionError,Permission denied,630.56
1275,2026-01-04 12:45:44,WARNING,Payment,None,Request completed successfully,1217.35
1276,2026-08-27 00:13:04,ERROR,Search,NullPointerError,Null object encountered,1034.08
1277,2026-05-11 02:23:45,WARNING,Storage,TimeoutError,Request timed out,865.53
1278,2026-06-14 19:18:14,INFO,Database,None,Request completed successfully,1246.84
1279,2026-07-04 04:31:19,INFO,Search,None,Request completed successfully,1022.73
1280,2026-04-02 16:25:44,INFO,API,None,Request completed successfully,371.85
1281,2026-01-11 05:17:51,INFO,Authentication,None,Request completed successfully,1123.53
1282,2026-02-10 12:38:58,INFO,Storage,None,Request completed successfully,1273.59
1283,2026-05-17 07:43:20,INFO,Authentication,None,Request completed successfully,202.17
1284,2026-05-03 20:33:44,INFO,API,None,Request completed successfully,144.55
1285,2026-04-28 19:05:12,INFO,Database,None,Request completed successfully,1446.66
1286,2026-03-18 06:10:02,INFO,Search,None,Request completed successfully,1293.86
1287,2026-01-22 22:13:37,WARNING,Database,ConnectionError,Connection to service failed,1460.41
1288,2026-05-05 09:54:45,WARNING,Storage,ConnectionError,Connection to service failed,1326.64
1289,2026-06-22 16:30:41,INFO,Authentication,None,Request completed successfully,727.61
1290,2026-01-05 04:11:30,WARNING,API,ConnectionError,Connection to service failed,1246.89
1291,2026-02-07 01:30:40,INFO,API,None,Request completed successfully,257.23
1292,2026-05-27 08:02:45,WARNING,API,None,Request completed successfully,878.82
1293,2026-08-15 16:42:37,WARNING,Payment,TimeoutError,Request timed out,988.42
1294,2026-08-15 06:22:44,INFO,Payment,None,Request completed successfully,753.38
1295,2026-07-08 04:27:09,INFO,Payment,None,Request completed successfully,558.22
1296,2026-06-17 05:17:46,ERROR,API,FileNotFoundError,Required file was not found,798.73
1297,2026-03-11 17:53:05,INFO,Database,None,Request completed successfully,363.11
1298,2026-03-22 21:56:49,ERROR,Search,ConnectionError,Connection to service failed,632.72
1299,2026-07-13 22:23:10,INFO,Authentication,None,Request completed successfully,858.38
1300,2026-08-12 20:08:05,INFO,Authentication,None,Request completed successfully,119.09
1301,2026-01-07 20:20:17,INFO,API,None,Request completed successfully,1272.64
1302,2026-02-09 16:43:49,INFO,Storage,None,Request completed successfully,1045.55
1303,2026-03-09 05:53:39,WARNING,Database,None,Request completed successfully,50.64
1304,2026-05-20 10:43:39,ERROR,Authentication,TimeoutError,Request timed out,92.33
1305,2026-02-15 09:09:34,INFO,Search,None,Request completed successfully,831.55
1306,2026-08-10 03:30:00,INFO,API,None,Request completed successfully,414.34
1307,2026-08-03 21:22:46,INFO,Authentication,None,Request completed successfully,703.19
1308,2026-04-02 07:53:49,INFO,Database,None,Request completed successfully,1439.29
1309,2026-03-17 00:22:48,INFO,Search,None,Request completed successfully,998.76
1310,2026-03-09 06:19:53,ERROR,Payment,NullPointerError,Null object encountered,713.2
1311,2026-06-23 23:48:39,INFO,Storage,None,Request completed successfully,1363.18
1312,2026-01-20 04:02:20,INFO,Authentication,None,Request completed successfully,21.09
1313,2026-04-11 12:45:53,INFO,Search,None,Request completed successfully,666.51
1314,2026-08-02 01:36:14,INFO,Payment,None,Request completed successfully,776.95
1315,2026-08-26 23:07:43,WARNING,Database,None,Request completed successfully,861.2
1316,2026-02-07 11:03:31,INFO,Authentication,None,Request completed successfully,671.94
1317,2026-04-14 07:15:33,WARNING,Storage,ConnectionError,Connection to service failed,1044.09
1318,2026-04-05 17:53:12,ERROR,Search,TimeoutError,Request timed out,140.67
1319,2026-07-07 15:44:00,INFO,Search,None,Request completed successfully,696.27
1320,2026-01-27 23:44:43,INFO,Storage,None,Request completed successfully,1182.89
1321,2026-06-07 18:24:31,ERROR,Database,NullPointerError,Null object encountered,557.85
1322,2026-04-17 09:46:37,INFO,Authentication,None,Request completed successfully,430.2
1323,2026-06-10 09:58:35,WARNING,API,None,Request completed successfully,1091.2
1324,2026-06-06 02:53:33,INFO,Search,None,Request completed successfully,771.1
1325,2026-07-16 22:33:25,INFO,Database,None,Request completed successfully,722.81
1326,2026-02-16 10:03:09,INFO,API,None,Request completed successfully,1047.96
1327,2026-01-28 03:39:12,CRITICAL,Payment,PermissionError,Permission denied,523.85
1328,2026-03-28 17:02:44,INFO,Database,None,Request completed successfully,990.98
1329,2026-01-06 21:55:15,INFO,Database,None,Request completed successfully,1207.88
1330,2026-06-21 13:22:24,WARNING,Payment,TimeoutError,Request timed out,1436.15
1331,2026-04-03 01:31:46,INFO,Authentication,None,Request completed successfully,369.36
1332,2026-08-17 04:28:52,INFO,API,None,Request completed successfully,1077.52
1333,2026-03-03 10:26:14,INFO,API,None,Request completed successfully,531.64
1334,2026-05-23 01:15:22,WARNING,Storage,TimeoutError,Request timed out,1323.3
1335,2026-01-18 07:02:57,INFO,Authentication,None,Request completed successfully,504.39
1336,2026-04-27 13:05:35,INFO,Authentication,None,Request completed successfully,998.74
1337,2026-04-12 06:13:27,INFO,Authentication,None,Request completed successfully,87.13
1338,2026-08-01 16:18:08,INFO,Database,None,Request completed successfully,877.22
1339,2026-03-16 11:31:43,WARNING,API,ConnectionError,Connection to service failed,221.76
1340,2026-07-09 00:51:17,INFO,Payment,None,Request completed successfully,1292.22
1341,2026-03-11 05:42:02,ERROR,Authentication,TimeoutError,Request timed out,544.7
1342,2026-03-12 05:52:08,INFO,Search,None,Request completed successfully,1124.57
1343,2026-03-14 23:23:09,INFO,Authentication,None,Request completed successfully,832.38
1344,2026-03-07 03:09:37,INFO,Authentication,None,Request completed successfully,236.89
1345,2026-01-11 14:24:17,WARNING,Search,None,Request completed successfully,240.21
1346,2026-02-16 11:07:26,INFO,Database,None,Request completed successfully,491.48
1347,2026-05-23 11:36:15,ERROR,API,NullPointerError,Null object encountered,838.0
1348,2026-01-28 11:19:43,ERROR,Payment,TimeoutError,Request timed out,1158.12
1349,2026-02-15 20:49:06,INFO,API,None,Request completed successfully,130.69
1350,2026-06-27 00:28:17,INFO,Storage,None,Request completed successfully,909.46
1351,2026-02-09 19:29:37,ERROR,Payment,NullPointerError,Null object encountered,1379.59
1352,2026-02-25 13:58:45,INFO,Authentication,None,Request completed successfully,702.99
1353,2026-01-03 03:19:52,ERROR,Authentication,PermissionError,Permission denied,426.56
1354,2026-03-11 01:20:36,INFO,Storage,None,Request completed successfully,200.53
1355,2026-03-11 09:13:09,INFO,Authentication,None,Request completed successfully,705.41
1356,2026-05-22 15:54:29,INFO,Authentication,None,Request completed successfully,1429.43
1357,2026-02-05 06:27:23,WARNING,Search,ConnectionError,Connection to service failed,1088.05
1358,2026-02-04 13:30:54,INFO,API,None,Request completed successfully,1261.79
1359,2026-03-13 12:32:05,ERROR,Authentication,NullPointerError,Null object encountered,964.17
1360,2026-06-10 03:01:49,INFO,Database,None,Request completed successfully,315.37
1361,2026-06-09 06:06:22,INFO,API,None,Request completed successfully,150.49
1362,2026-05-08 17:10:30,INFO,Payment,None,Request completed successfully,1289.28
1363,2026-02-09 05:42:50,INFO,Database,None,Request completed successfully,172.16
1364,2026-03-26 17:00:51,ERROR,Authentication,FileNotFoundError,Required file was not found,430.86
1365,2026-08-01 19:26:46,WARNING,Database,None,Request completed successfully,1283.56
1366,2026-07-17 04:22:06,INFO,Search,None,Request completed successfully,232.71
1367,2026-08-13 09:44:50,INFO,Search,None,Request completed successfully,243.65
1368,2026-01-07 18:48:27,WARNING,Search,None,Request completed successfully,824.26
1369,2026-02-12 02:36:12,INFO,Authentication,None,Request completed successfully,141.86
1370,2026-02-07 20:59:37,INFO,API,None,Request completed successfully,503.96
1371,2026-07-20 18:18:31,INFO,Database,None,Request completed successfully,855.98
1372,2026-01-15 11:31:06,WARNING,Payment,None,Request completed successfully,768.41
1373,2026-03-15 06:05:05,INFO,Storage,None,Request completed successfully,608.51
1374,2026-02-21 02:48:45,ERROR,API,TimeoutError,Request timed out,130.57
1375,2026-04-18 22:36:09,INFO,API,None,Request completed successfully,56.42
1376,2026-05-13 21:48:26,INFO,Search,None,Request completed successfully,751.61
1377,2026-03-25 07:51:44,INFO,API,None,Request completed successfully,177.44
1378,2026-08-26 09:42:01,INFO,Search,None,Request completed successfully,1245.5
1379,2026-02-09 12:31:57,INFO,Payment,None,Request completed successfully,65.08
1380,2026-06-24 11:37:27,ERROR,Search,MemoryError,Memory usage exceeded threshold,337.71
1381,2026-06-24 06:56:35,INFO,Database,None,Request completed successfully,843.12
1382,2026-05-16 11:54:07,INFO,Payment,None,Request completed successfully,177.38
1383,2026-08-23 05:40:18,ERROR,API,ConnectionError,Connection to service failed,1198.73
1384,2026-04-11 06:18:46,INFO,Search,None,Request completed successfully,106.08
1385,2026-05-27 15:18:14,ERROR,Authentication,ConnectionError,Connection to service failed,830.85
1386,2026-01-05 00:25:30,INFO,Authentication,None,Request completed successfully,1209.76
1387,2026-07-05 05:11:38,INFO,Search,None,Request completed successfully,750.13
1388,2026-06-06 22:28:12,INFO,API,None,Request completed successfully,1347.27
1389,2026-06-04 20:58:26,ERROR,API,ConnectionError,Connection to service failed,146.71
1390,2026-08-09 22:28:32,INFO,Payment,None,Request completed successfully,493.34
1391,2026-02-03 04:10:11,INFO,Authentication,None,Request completed successfully,1021.53
1392,2026-05-18 04:05:43,INFO,Storage,None,Request completed successfully,1420.73
1393,2026-07-09 15:52:10,ERROR,Payment,ConnectionError,Connection to service failed,458.16
1394,2026-06-14 23:55:32,INFO,Storage,None,Request completed successfully,812.4
1395,2026-05-22 13:20:05,INFO,Storage,None,Request completed successfully,331.85
1396,2026-08-16 05:47:17,INFO,Storage,None,Request completed successfully,1055.48
1397,2026-01-16 03:07:28,INFO,Payment,None,Request completed successfully,864.21
1398,2026-05-16 09:15:54,INFO,API,None,Request completed successfully,648.04
1399,2026-01-22 05:31:21,INFO,Database,None,Request completed successfully,774.77
1400,2026-04-04 18:31:00,INFO,Payment,None,Request completed successfully,936.49
1401,2026-01-23 23:02:55,INFO,Storage,None,Request completed successfully,1417.05
1402,2026-07-13 23:15:58,ERROR,Storage,MemoryError,Memory usage exceeded threshold,1440.48
1403,2026-08-10 17:21:49,INFO,Authentication,None,Request completed successfully,686.34
1404,2026-02-08 14:01:10,ERROR,Database,PermissionError,Permission denied,742.73
1405,2026-01-21 11:20:20,INFO,Payment,None,Request completed successfully,752.91
1406,2026-02-24 03:19:51,INFO,Authentication,None,Request completed successfully,753.94
1407,2026-08-07 05:31:03,INFO,Authentication,None,Request completed successfully,1219.95
1408,2026-01-21 05:18:30,INFO,Search,None,Request completed successfully,998.12
1409,2026-05-26 22:22:22,INFO,Database,None,Request completed successfully,65.0
1410,2026-08-03 13:15:07,WARNING,Storage,TimeoutError,Request timed out,995.45
1411,2026-07-06 06:22:47,INFO,Authentication,None,Request completed successfully,1373.99
1412,2026-02-16 04:23:25,INFO,Payment,None,Request completed successfully,698.16
1413,2026-07-11 23:25:50,ERROR,Database,NullPointerError,Null object encountered,962.89
1414,2026-08-08 23:36:06,INFO,Storage,None,Request completed successfully,107.82
1415,2026-06-28 10:17:39,INFO,Payment,None,Request completed successfully,131.35
1416,2026-03-21 11:47:58,INFO,API,None,Request completed successfully,947.52
1417,2026-04-10 21:29:25,WARNING,Storage,ConnectionError,Connection to service failed,1187.01
1418,2026-06-26 01:29:50,INFO,Search,None,Request completed successfully,986.93
1419,2026-03-25 16:48:00,ERROR,API,ConnectionError,Connection to service failed,1235.99
1420,2026-05-05 19:05:57,INFO,Database,None,Request completed successfully,986.45
1421,2026-07-06 02:34:03,WARNING,API,ConnectionError,Connection to service failed,1483.31
1422,2026-06-11 10:42:59,ERROR,Search,FileNotFoundError,Required file was not found,157.62
1423,2026-07-20 00:14:01,INFO,Authentication,None,Request completed successfully,590.0
1424,2026-03-22 09:16:20,ERROR,Payment,PermissionError,Permission denied,632.98
1425,2026-05-21 08:20:34,INFO,Payment,None,Request completed successfully,268.03
1426,2026-05-14 15:24:21,WARNING,Search,TimeoutError,Request timed out,349.81
1427,2026-08-04 01:17:03,INFO,Authentication,None,Request completed successfully,360.52
1428,2026-03-06 18:20:08,ERROR,API,TimeoutError,Request timed out,1425.11
1429,2026-04-12 13:37:19,ERROR,Search,TimeoutError,Request timed out,1133.75
1430,2026-08-19 02:56:48,INFO,Authentication,None,Request completed successfully,984.53
1431,2026-07-20 08:09:27,INFO,Payment,None,Request completed successfully,1428.1
1432,2026-03-04 16:17:34,INFO,Search,None,Request completed successfully,1092.76
1433,2026-06-25 08:33:00,WARNING,Search,TimeoutError,Request timed out,1482.85
1434,2026-05-02 06:19:27,INFO,Authentication,None,Request completed successfully,887.75
1435,2026-07-05 08:47:41,INFO,Search,None,Request completed successfully,1311.31
1436,2026-02-22 04:35:59,INFO,Search,None,Request completed successfully,806.67
1437,2026-04-04 08:06:47,INFO,Search,None,Request completed successfully,965.36
1438,2026-04-20 21:41:58,CRITICAL,Search,ConnectionError,Connection to service failed,28.86
1439,2026-04-15 09:26:59,ERROR,Search,NullPointerError,Null object encountered,722.19
1440,2026-04-02 19:23:35,INFO,API,None,Request completed successfully,911.24
1441,2026-01-18 18:27:52,INFO,API,None,Request completed successfully,505.51
1442,2026-02-05 20:23:19,INFO,Search,None,Request completed successfully,1167.88
1443,2026-07-12 05:21:15,INFO,API,None,Request completed successfully,98.53
1444,2026-02-01 08:11:05,INFO,Storage,None,Request completed successfully,1251.74
1445,2026-01-22 05:52:55,WARNING,Payment,TimeoutError,Request timed out,330.7
1446,2026-03-16 17:57:46,INFO,API,None,Request completed successfully,1069.5
1447,2026-08-04 10:30:07,INFO,Database,None,Request completed successfully,1255.78
1448,2026-07-14 13:55:36,WARNING,Search,TimeoutError,Request timed out,1315.3
1449,2026-04-10 08:22:36,INFO,Database,None,Request completed successfully,210.03
1450,2026-02-27 15:17:09,INFO,Authentication,None,Request completed successfully,1188.0
1451,2026-05-03 10:25:27,INFO,Payment,None,Request completed successfully,549.81
1452,2026-06-01 21:53:56,INFO,Authentication,None,Request completed successfully,526.24
1453,2026-07-08 14:40:42,INFO,Payment,None,Request completed successfully,1481.83
1454,2026-01-12 05:04:51,WARNING,Payment,None,Request completed successfully,960.09
1455,2026-02-25 08:22:03,INFO,Payment,None,Request completed successfully,1258.79
1456,2026-03-05 03:41:00,WARNING,Payment,ConnectionError,Connection to service failed,973.93
1457,2026-05-17 07:47:16,WARNING,Database,TimeoutError,Request timed out,243.77
1458,2026-02-24 19:28:06,ERROR,Authentication,FileNotFoundError,Required file was not found,863.97
1459,2026-03-27 03:59:34,WARNING,Authentication,None,Request completed successfully,322.27
1460,2026-08-22 17:34:55,INFO,Storage,None,Request completed successfully,664.26
1461,2026-01-05 00:39:50,INFO,Search,None,Request completed successfully,381.41
1462,2026-01-01 02:23:55,INFO,Search,None,Request completed successfully,942.9
1463,2026-03-05 05:04:28,WARNING,Search,TimeoutError,Request timed out,864.05
1464,2026-04-11 06:20:28,INFO,Storage,None,Request completed successfully,862.49
1465,2026-05-14 11:49:15,INFO,Authentication,None,Request completed successfully,1049.29
1466,2026-06-12 22:09:04,INFO,API,None,Request completed successfully,1332.44
1467,2026-06-20 00:24:54,WARNING,Search,None,Request completed successfully,717.18
1468,2026-06-06 11:13:20,INFO,API,None,Request completed successfully,467.06
1469,2026-01-21 13:38:42,WARNING,Search,ConnectionError,Connection to service failed,86.12
1470,2026-08-06 05:16:54,WARNING,Storage,ConnectionError,Connection to service failed,302.73
1471,2026-01-09 06:49:47,INFO,Database,None,Request completed successfully,488.69
1472,2026-06-24 13:42:52,CRITICAL,Storage,PermissionError,Permission denied,503.84
1473,2026-01-24 01:31:34,INFO,Database,None,Request completed successfully,642.32
1474,2026-04-09 23:07:16,WARNING,Database,ConnectionError,Connection to service failed,1447.96
1475,2026-02-02 10:26:35,WARNING,Payment,ConnectionError,Connection to service failed,1156.48
1476,2026-04-25 05:41:13,CRITICAL,Authentication,PermissionError,Permission denied,1479.97
1477,2026-05-12 03:56:45,INFO,Storage,None,Request completed successfully,1193.41
1478,2026-01-28 00:58:49,WARNING,API,TimeoutError,Request timed out,1160.0
1479,2026-01-11 15:43:45,WARNING,API,None,Request completed successfully,753.92
1480,2026-01-24 03:59:29,INFO,API,None,Request completed successfully,1432.56
1481,2026-02-13 17:26:16,INFO,Search,None,Request completed successfully,1188.45
1482,2026-07-25 01:33:25,INFO,Authentication,None,Request completed successfully,72.38
1483,2026-02-26 19:15:01,WARNING,Storage,ConnectionError,Connection to service failed,146.6
1484,2026-08-05 15:04:57,INFO,API,None,Request completed successfully,937.93
1485,2026-05-06 07:51:09,INFO,API,None,Request completed successfully,1384.93
1486,2026-07-04 11:55:43,INFO,API,None,Request completed successfully,36.99
1487,2026-04-20 16:22:16,WARNING,Search,None,Request completed successfully,851.18
1488,2026-08-19 21:48:16,INFO,Search,None,Request completed successfully,1255.1
1489,2026-03-07 19:29:04,WARNING,Search,TimeoutError,Request timed out,524.14
1490,2026-04-01 02:15:29,WARNING,API,None,Request completed successfully,1284.11
1491,2026-06-26 20:04:07,INFO,Storage,None,Request completed successfully,499.28
1492,2026-01-14 10:41:41,INFO,Storage,None,Request completed successfully,683.63
1493,2026-02-03 04:29:39,INFO,Authentication,None,Request completed successfully,1474.34
1494,2026-04-16 13:25:25,ERROR,Search,NullPointerError,Null object encountered,70.08
1495,2026-03-07 13:18:21,WARNING,Payment,ConnectionError,Connection to service failed,905.25
1496,2026-08-10 22:26:42,WARNING,Storage,None,Request completed successfully,669.67
1497,2026-08-03 23:15:26,INFO,Search,None,Request completed successfully,691.88
1498,2026-04-21 16:56:26,WARNING,Database,TimeoutError,Request timed out,78.07
1499,2026-04-27 02:03:07,WARNING,Storage,None,Request completed successfully,500.42
1500,2026-02-23 14:31:30,INFO,Authentication,None,Request completed successfully,1104.68
